,SystemCodeNumber,Capacity,Occupancy,LastUpdatedDate,LastUpdatedTime,IsSpecialDay,VehicleType,Latitude,Longitude,TrafficConditionNearby,QueueLength
0,BHMBCCMKT01,577,61,04-10-2016,07:59:42,0,car,28.5,77.15,low,2
1,BHMBCCMKT01,577,64,04-10-2016,08:25:42,0,car,28.5,77.15,average,2
2,BHMBCCMKT01,577,80,04-10-2016,08:59:42,0,car,28.5,77.15,low,2
3,BHMBCCMKT01,577,107,04-10-2016,09:32:46,0,car,28.5,77.15,low,3
4,BHMBCCMKT01,577,150,04-10-2016,09:59:48,0,car,28.5,77.15,low,3
5,BHMBCCMKT01,577,177,04-10-2016,10:26:49,0,car,28.5,77.15,low,4
6,BHMBCCMKT01,577,219,04-10-2016,10:59:48,0,bike,28.5,77.15,average,6
7,BHMBCCMKT01,577,247,04-10-2016,11:25:47,0,car,28.5,77.15,average,7
8,BHMBCCMKT01,577,259,04-10-2016,11:59:44,0,car,28.5,77.15,average,6
9,BHMBCCMKT01,577,266,04-10-2016,12:29:45,0,bike,28.5,77.15,high,10
10,BHMBCCMKT01,577,269,04-10-2016,13:02:48,0,car,28.5,77.15,high,9
11,BHMBCCMKT01,577,263,04-10-2016,13:29:45,0,car,28.5,77.15,high,9
12,BHMBCCMKT01,577,238,04-10-2016,14:02:47,0,car,28.5,77.15,average,5
13,BHMBCCMKT01,577,215,04-10-2016,14:29:49,0,car,28.5,77.15,average,4
14,BHMBCCMKT01,577,192,04-10-2016,14:57:13,0,car,28.5,77.15,average,4
15,BHMBCCMKT01,577,165,04-10-2016,15:30:14,0,cycle,28.5,77.15,average,3
16,BHMBCCMKT01,577,162,04-10-2016,16:04:12,0,car,28.5,77.15,low,2
17,BHMBCCMKT01,577,143,04-10-2016,16:31:14,0,car,28.5,77.15,low,2
18,BHMBCCMKT01,577,54,05-10-2016,07:57:17,0,cycle,28.5,77.15,low,1
19,BHMBCCMKT01,577,59,05-10-2016,08:30:15,0,bike,28.5,77.15,average,2
20,BHMBCCMKT01,577,71,05-10-2016,09:04:19,0,car,28.5,77.15,low,3
21,BHMBCCMKT01,577,83,05-10-2016,09:30:15,0,bike,28.5,77.15,low,2
22,BHMBCCMKT01,577,114,05-10-2016,10:04:15,0,car,28.5,77.15,low,3
23,BHMBCCMKT01,577,128,05-10-2016,10:30:17,0,bike,28.5,77.15,average,4
24,BHMBCCMKT01,577,148,05-10-2016,11:04:19,0,cycle,28.5,77.15,average,6
25,BHMBCCMKT01,577,162,05-10-2016,11:30:18,0,bike,28.5,77.15,average,6
26,BHMBCCMKT01,577,178,05-10-2016,12:04:14,0,truck,28.5,77.15,high,9
27,BHMBCCMKT01,577,183,05-10-2016,12:30:16,0,car,28.5,77.15,average,7
28,BHMBCCMKT01,577,175,05-10-2016,12:57:15,0,truck,28.5,77.15,high,9
29,BHMBCCMKT01,577,179,05-10-2016,13:30:19,0,car,28.5,77.15,high,8
30,BHMBCCMKT01,577,174,05-10-2016,13:57:20,0,bike,28.5,77.15,average,6
31,BHMBCCMKT01,577,158,05-10-2016,14:30:17,0,car,28.5,77.15,average,5
32,BHMBCCMKT01,577,145,05-10-2016,14:57:19,0,car,28.5,77.15,average,5
33,BHMBCCMKT01,577,129,05-10-2016,15:30:15,0,car,28.5,77.15,low,2
34,BHMBCCMKT01,577,121,05-10-2016,16:04:18,0,cycle,28.5,77.15,low,3
35,BHMBCCMKT01,577,114,05-10-2016,16:30:17,0,car,28.5,77.15,average,2
36,BHMBCCMKT01,577,58,06-10-2016,07:57:25,0,bike,28.5,77.15,average,2
37,BHMBCCMKT01,577,63,06-10-2016,08:30:20,0,car,28.5,77.15,low,1
38,BHMBCCMKT01,577,70,06-10-2016,08:57:22,0,car,28.5,77.15,low,1
39,BHMBCCMKT01,577,95,06-10-2016,09:30:20,0,car,28.5,77.15,average,3
40,BHMBCCMKT01,577,135,06-10-2016,10:03:20,0,car,28.5,77.15,low,4
41,BHMBCCMKT01,577,160,06-10-2016,10:30:20,0,car,28.5,77.15,high,7
42,BHMBCCMKT01,577,177,06-10-2016,10:57:20,0,car,28.5,77.15,average,5
43,BHMBCCMKT01,577,191,06-10-2016,11:30:22,0,car,28.5,77.15,average,6
44,BHMBCCMKT01,577,199,06-10-2016,12:04:24,0,car,28.5,77.15,high,9
45,BHMBCCMKT01,577,206,06-10-2016,12:30:24,0,truck,28.5,77.15,high,9
46,BHMBCCMKT01,577,198,06-10-2016,12:57:21,0,car,28.5,77.15,high,9
47,BHMBCCMKT01,577,208,06-10-2016,13:30:21,0,car,28.5,77.15,high,9
48,BHMBCCMKT01,577,200,06-10-2016,13:57:22,0,car,28.5,77.15,average,6
49,BHMBCCMKT01,577,175,06-10-2016,14:30:23,0,car,28.5,77.15,average,4
50,BHMBCCMKT01,577,158,06-10-2016,15:04:22,0,bike,28.5,77.15,low,3
51,BHMBCCMKT01,577,153,06-10-2016,15:31:22,0,car,28.5,77.15,average,3
52,BHMBCCMKT01,577,135,06-10-2016,16:04:23,0,cycle,28.5,77.15,low,2
53,BHMBCCMKT01,577,129,06-10-2016,16:30:27,0,truck,28.5,77.15,low,2
54,BHMBCCMKT01,577,58,07-10-2016,08:03:27,0,car,28.5,77.15,low,2
55,BHMBCCMKT01,577,61,07-10-2016,08:30:27,0,car,28.5,77.15,low,2
56,BHMBCCMKT01,577,75,07-10-2016,09:04:13,0,car,28.5,77.15,average,3
57,BHMBCCMKT01,577,103,07-10-2016,09:30:27,0,car,28.5,77.15,low,2
58,BHMBCCMKT01,577,128,07-10-2016,09:57:27,0,car,28.5,77.15,low,3
59,BHMBCCMKT01,577,172,07-10-2016,10:30:27,0,car,28.5,77.15,average,5
60,BHMBCCMKT01,577,188,07-10-2016,10:57:30,0,cycle,28.5,77.15,average,5
61,BHMBCCMKT01,577,199,07-10-2016,11:30:28,0,car,28.5,77.15,average,6
62,BHMBCCMKT01,577,210,07-10-2016,12:03:29,0,bike,28.5,77.15,average,6
63,BHMBCCMKT01,577,206,07-10-2016,12:30:28,0,car,28.5,77.15,high,9
64,BHMBCCMKT01,577,200,07-10-2016,13:04:28,0,car,28.5,77.15,high,9
65,BHMBCCMKT01,577,201,07-10-2016,13:30:29,0,car,28.5,77.15,high,9
66,BHMBCCMKT01,577,193,07-10-2016,14:03:28,0,cycle,28.5,77.15,average,5
67,BHMBCCMKT01,577,181,07-10-2016,14:30:32,0,cycle,28.5,77.15,average,5
68,BHMBCCMKT01,577,172,07-10-2016,15:04:30,0,car,28.5,77.15,low,3
69,BHMBCCMKT01,577,159,07-10-2016,15:30:32,0,cycle,28.5,77.15,low,2
70,BHMBCCMKT01,577,158,07-10-2016,15:57:31,0,cycle,28.5,77.15,low,3
71,BHMBCCMKT01,577,132,07-10-2016,16:30:29,0,cycle,28.5,77.15,low,3
72,BHMBCCMKT01,577,58,08-10-2016,07:57:38,0,truck,28.5,77.15,low,2
73,BHMBCCMKT01,577,61,08-10-2016,08:30:37,0,car,28.5,77.15,low,3
74,BHMBCCMKT01,577,75,08-10-2016,08:57:34,0,car,28.5,77.15,low,1
75,BHMBCCMKT01,577,104,08-10-2016,09:30:37,0,bike,28.5,77.15,average,4
76,BHMBCCMKT01,577,158,08-10-2016,10:04:34,0,car,28.5,77.15,low,4
77,BHMBCCMKT01,577,191,08-10-2016,10:30:34,0,car,28.5,77.15,average,5
78,BHMBCCMKT01,577,223,08-10-2016,10:57:34,0,car,28.5,77.15,average,5
79,BHMBCCMKT01,577,254,08-10-2016,11:30:38,0,bike,28.5,77.15,average,6
80,BHMBCCMKT01,577,306,08-10-2016,12:04:34,0,bike,28.5,77.15,high,10
81,BHMBCCMKT01,577,320,08-10-2016,12:30:36,0,cycle,28.5,77.15,high,11
82,BHMBCCMKT01,577,348,08-10-2016,13:04:39,0,car,28.5,77.15,high,10
83,BHMBCCMKT01,577,357,08-10-2016,13:30:36,0,car,28.5,77.15,high,10
84,BHMBCCMKT01,577,395,08-10-2016,14:03:38,0,bike,28.5,77.15,average,5
85,BHMBCCMKT01,577,400,08-10-2016,14:30:35,0,cycle,28.5,77.15,average,5
86,BHMBCCMKT01,577,395,08-10-2016,14:57:41,0,cycle,28.5,77.15,average,6
87,BHMBCCMKT01,577,406,08-10-2016,15:30:39,0,truck,28.5,77.15,low,3
88,BHMBCCMKT01,577,381,08-10-2016,16:04:39,0,bike,28.5,77.15,average,3
89,BHMBCCMKT01,577,365,08-10-2016,16:30:42,0,car,28.5,77.15,low,3
90,BHMBCCMKT01,577,42,09-10-2016,08:04:40,1,car,28.5,77.15,low,2
91,BHMBCCMKT01,577,42,09-10-2016,08:30:45,1,car,28.5,77.15,low,3
92,BHMBCCMKT01,577,43,09-10-2016,09:04:46,1,bike,28.5,77.15,average,3
93,BHMBCCMKT01,577,43,09-10-2016,09:30:45,1,bike,28.5,77.15,low,3
94,BHMBCCMKT01,577,50,09-10-2016,09:57:41,1,car,28.5,77.15,low,3
95,BHMBCCMKT01,577,64,09-10-2016,10:30:43,1,car,28.5,77.15,average,5
96,BHMBCCMKT01,577,100,09-10-2016,11:04:44,1,car,28.5,77.15,average,8
97,BHMBCCMKT01,577,126,09-10-2016,11:30:41,1,car,28.5,77.15,average,8
98,BHMBCCMKT01,577,148,09-10-2016,11:57:46,1,cycle,28.5,77.15,average,8
99,BHMBCCMKT01,577,170,09-10-2016,12:30:41,1,truck,28.5,77.15,high,13
100,BHMBCCMKT01,577,189,09-10-2016,13:04:43,1,car,28.5,77.15,high,12
101,BHMBCCMKT01,577,205,09-10-2016,13:30:42,1,bike,28.5,77.15,average,9
102,BHMBCCMKT01,577,208,09-10-2016,14:03:42,1,truck,28.5,77.15,average,7
103,BHMBCCMKT01,577,209,09-10-2016,14:30:42,1,car,28.5,77.15,average,7
104,BHMBCCMKT01,577,191,09-10-2016,15:04:44,1,car,28.5,77.15,low,4
105,BHMBCCMKT01,577,180,09-10-2016,15:30:46,1,car,28.5,77.15,low,4
106,BHMBCCMKT01,577,155,09-10-2016,16:03:43,1,car,28.5,77.15,average,5
107,BHMBCCMKT01,577,133,09-10-2016,16:30:43,1,car,28.5,77.15,low,3
108,BHMBCCMKT01,577,54,10-10-2016,08:04:47,0,bike,28.5,77.15,low,2
109,BHMBCCMKT01,577,56,10-10-2016,08:30:47,0,car,28.5,77.15,low,2
110,BHMBCCMKT01,577,65,10-10-2016,09:04:47,0,truck,28.5,77.15,low,1
111,BHMBCCMKT01,577,73,10-10-2016,09:30:49,0,bike,28.5,77.15,low,2
112,BHMBCCMKT01,577,92,10-10-2016,10:03:48,0,car,28.5,77.15,low,3
113,BHMBCCMKT01,577,113,10-10-2016,10:30:48,0,car,28.5,77.15,average,5
114,BHMBCCMKT01,577,144,10-10-2016,10:57:52,0,car,28.5,77.15,average,4
115,BHMBCCMKT01,577,149,10-10-2016,11:30:48,0,car,28.5,77.15,average,6
116,BHMBCCMKT01,577,159,10-10-2016,11:57:49,0,truck,28.5,77.15,high,8
117,BHMBCCMKT01,577,171,10-10-2016,12:30:48,0,bike,28.5,77.15,high,9
118,BHMBCCMKT01,577,176,10-10-2016,13:04:49,0,bike,28.5,77.15,high,9
119,BHMBCCMKT01,577,172,10-10-2016,13:30:49,0,bike,28.5,77.15,high,9
120,BHMBCCMKT01,577,161,10-10-2016,14:03:49,0,car,28.5,77.15,average,5
121,BHMBCCMKT01,577,154,10-10-2016,14:30:49,0,car,28.5,77.15,average,4
122,BHMBCCMKT01,577,137,10-10-2016,14:57:54,0,bike,28.5,77.15,average,5
123,BHMBCCMKT01,577,129,10-10-2016,15:30:49,0,car,28.5,77.15,low,2
124,BHMBCCMKT01,577,130,10-10-2016,15:57:55,0,car,28.5,77.15,low,3
125,BHMBCCMKT01,577,114,10-10-2016,16:30:49,0,car,28.5,77.15,low,3
126,BHMBCCMKT01,577,56,11-10-2016,08:04:57,0,truck,28.5,77.15,average,2
127,BHMBCCMKT01,577,64,11-10-2016,08:30:54,0,bike,28.5,77.15,low,2
128,BHMBCCMKT01,577,74,11-10-2016,08:57:56,0,car,28.5,77.15,low,2
129,BHMBCCMKT01,577,93,11-10-2016,09:30:55,0,car,28.5,77.15,low,2
130,BHMBCCMKT01,577,129,11-10-2016,09:57:59,0,car,28.5,77.15,low,2
131,BHMBCCMKT01,577,167,11-10-2016,10:30:54,0,car,28.5,77.15,average,5
132,BHMBCCMKT01,577,200,11-10-2016,10:57:55,0,car,28.5,77.15,average,4
133,BHMBCCMKT01,577,219,11-10-2016,11:30:59,0,car,28.5,77.15,average,7
134,BHMBCCMKT01,577,225,11-10-2016,12:03:55,0,bike,28.5,77.15,high,9
135,BHMBCCMKT01,577,221,11-10-2016,12:30:56,0,car,28.5,77.15,high,11
136,BHMBCCMKT01,577,217,11-10-2016,13:04:00,0,truck,28.5,77.15,high,9
137,BHMBCCMKT01,577,217,11-10-2016,13:31:01,0,truck,28.5,77.15,high,9
138,BHMBCCMKT01,577,208,11-10-2016,14:04:00,0,cycle,28.5,77.15,average,5
139,BHMBCCMKT01,577,191,11-10-2016,14:30:56,0,bike,28.5,77.15,average,4
140,BHMBCCMKT01,577,167,11-10-2016,15:03:58,0,bike,28.5,77.15,low,3
141,BHMBCCMKT01,577,159,11-10-2016,15:33:56,0,car,28.5,77.15,low,3
142,BHMBCCMKT01,577,150,11-10-2016,16:01:00,0,car,28.5,77.15,low,2
143,BHMBCCMKT01,577,127,11-10-2016,16:26:56,0,bike,28.5,77.15,low,2
144,BHMBCCMKT01,577,51,12-10-2016,08:04:00,0,car,28.5,77.15,low,2
145,BHMBCCMKT01,577,57,12-10-2016,08:31:01,0,car,28.5,77.15,low,2
146,BHMBCCMKT01,577,64,12-10-2016,09:03:59,0,car,28.5,77.15,low,2
147,BHMBCCMKT01,577,73,12-10-2016,09:26:58,0,car,28.5,77.15,low,2
148,BHMBCCMKT01,577,99,12-10-2016,10:01:04,0,car,28.5,77.15,low,4
149,BHMBCCMKT01,577,112,12-10-2016,10:31:04,0,car,28.5,77.15,average,4
150,BHMBCCMKT01,577,127,12-10-2016,11:04:01,0,bike,28.5,77.15,average,6
151,BHMBCCMKT01,577,128,12-10-2016,11:31:05,0,car,28.5,77.15,high,8
152,BHMBCCMKT01,577,143,12-10-2016,12:04:04,0,car,28.5,77.15,average,6
153,BHMBCCMKT01,577,158,12-10-2016,12:31:05,0,car,28.5,77.15,high,9
154,BHMBCCMKT01,577,157,12-10-2016,13:04:04,0,car,28.5,77.15,high,9
155,BHMBCCMKT01,577,164,12-10-2016,13:34:03,0,car,28.5,77.15,high,8
156,BHMBCCMKT01,577,167,12-10-2016,14:03:59,0,bike,28.5,77.15,high,7
157,BHMBCCMKT01,577,159,12-10-2016,14:34:04,0,car,28.5,77.15,high,7
158,BHMBCCMKT01,577,140,12-10-2016,15:01:03,0,cycle,28.5,77.15,low,2
159,BHMBCCMKT01,577,128,12-10-2016,15:30:59,0,bike,28.5,77.15,low,3
160,BHMBCCMKT01,577,121,12-10-2016,15:57:05,0,car,28.5,77.15,low,2
161,BHMBCCMKT01,577,111,12-10-2016,16:31:05,0,truck,28.5,77.15,low,2
162,BHMBCCMKT01,577,58,13-10-2016,07:57:02,0,cycle,28.5,77.15,low,2
163,BHMBCCMKT01,577,65,13-10-2016,08:31:06,0,car,28.5,77.15,average,2
164,BHMBCCMKT01,577,76,13-10-2016,09:04:02,0,car,28.5,77.15,low,3
165,BHMBCCMKT01,577,97,13-10-2016,09:31:01,0,bike,28.5,77.15,low,3
166,BHMBCCMKT01,577,127,13-10-2016,09:57:08,0,car,28.5,77.15,average,4
167,BHMBCCMKT01,577,166,13-10-2016,10:31:03,0,car,28.5,77.15,average,6
168,BHMBCCMKT01,577,200,13-10-2016,11:04:08,0,car,28.5,77.15,average,6
169,BHMBCCMKT01,577,220,13-10-2016,11:31:06,0,bike,28.5,77.15,average,6
170,BHMBCCMKT01,577,230,13-10-2016,11:57:06,0,car,28.5,77.15,average,6
171,BHMBCCMKT01,577,231,13-10-2016,12:31:08,0,car,28.5,77.15,high,10
172,BHMBCCMKT01,577,214,13-10-2016,13:04:04,0,car,28.5,77.15,high,9
173,BHMBCCMKT01,577,203,13-10-2016,13:31:08,0,cycle,28.5,77.15,high,9
174,BHMBCCMKT01,577,205,13-10-2016,13:57:07,0,car,28.5,77.15,average,6
175,BHMBCCMKT01,577,181,13-10-2016,14:31:06,0,cycle,28.5,77.15,average,5
176,BHMBCCMKT01,577,162,13-10-2016,15:04:08,0,car,28.5,77.15,low,3
177,BHMBCCMKT01,577,144,13-10-2016,15:31:08,0,bike,28.5,77.15,low,3
178,BHMBCCMKT01,577,132,13-10-2016,16:04:08,0,truck,28.5,77.15,low,2
179,BHMBCCMKT01,577,130,13-10-2016,16:31:08,0,car,28.5,77.15,low,3
180,BHMBCCMKT01,577,53,14-10-2016,08:01:05,0,car,28.5,77.15,low,2
181,BHMBCCMKT01,577,57,14-10-2016,08:27:10,0,bike,28.5,77.15,low,1
182,BHMBCCMKT01,577,67,14-10-2016,09:01:08,0,car,28.5,77.15,low,2
183,BHMBCCMKT01,577,100,14-10-2016,09:27:10,0,car,28.5,77.15,low,3
184,BHMBCCMKT01,577,134,14-10-2016,10:01:11,0,truck,28.5,77.15,low,3
185,BHMBCCMKT01,577,157,14-10-2016,10:27:09,0,car,28.5,77.15,average,5
186,BHMBCCMKT01,577,205,14-10-2016,11:01:07,0,car,28.5,77.15,average,6
187,BHMBCCMKT01,577,220,14-10-2016,11:27:06,0,car,28.5,77.15,average,6
188,BHMBCCMKT01,577,224,14-10-2016,12:01:11,0,car,28.5,77.15,high,10
189,BHMBCCMKT01,577,213,14-10-2016,12:27:06,0,car,28.5,77.15,high,9
190,BHMBCCMKT01,577,205,14-10-2016,13:01:11,0,car,28.5,77.15,high,9
191,BHMBCCMKT01,577,201,14-10-2016,13:27:07,0,car,28.5,77.15,high,9
192,BHMBCCMKT01,577,182,14-10-2016,14:01:11,0,car,28.5,77.15,average,5
193,BHMBCCMKT01,577,174,14-10-2016,14:34:08,0,cycle,28.5,77.15,average,4
194,BHMBCCMKT01,577,171,14-10-2016,15:01:12,0,car,28.5,77.15,low,3
195,BHMBCCMKT01,577,161,14-10-2016,15:27:08,0,car,28.5,77.15,low,3
196,BHMBCCMKT01,577,138,14-10-2016,16:01:11,0,car,28.5,77.15,low,2
197,BHMBCCMKT01,577,134,14-10-2016,16:34:08,0,cycle,28.5,77.15,average,3
198,BHMBCCMKT01,577,53,15-10-2016,08:01:11,0,car,28.5,77.15,low,2
199,BHMBCCMKT01,577,63,15-10-2016,08:34:10,0,car,28.5,77.15,low,1
200,BHMBCCMKT01,577,77,15-10-2016,09:01:09,0,car,28.5,77.15,low,3
201,BHMBCCMKT01,577,101,15-10-2016,09:27:11,0,cycle,28.5,77.15,low,3
202,BHMBCCMKT01,577,154,15-10-2016,10:01:12,0,car,28.5,77.15,low,4
203,BHMBCCMKT01,577,171,15-10-2016,10:27:15,0,car,28.5,77.15,low,4
204,BHMBCCMKT01,577,211,15-10-2016,11:01:14,0,car,28.5,77.15,average,6
205,BHMBCCMKT01,577,239,15-10-2016,11:27:14,0,car,28.5,77.15,average,6
206,BHMBCCMKT01,577,276,15-10-2016,12:01:12,0,car,28.5,77.15,high,10
207,BHMBCCMKT01,577,297,15-10-2016,12:27:10,0,car,28.5,77.15,high,11
208,BHMBCCMKT01,577,332,15-10-2016,13:01:14,0,bike,28.5,77.15,high,10
209,BHMBCCMKT01,577,352,15-10-2016,13:34:13,0,car,28.5,77.15,high,11
210,BHMBCCMKT01,577,391,15-10-2016,14:01:13,0,car,28.5,77.15,average,6
211,BHMBCCMKT01,577,409,15-10-2016,14:27:12,0,cycle,28.5,77.15,average,6
212,BHMBCCMKT01,577,442,15-10-2016,15:01:13,0,cycle,28.5,77.15,low,4
213,BHMBCCMKT01,577,428,15-10-2016,15:27:12,0,car,28.5,77.15,low,4
214,BHMBCCMKT01,577,412,15-10-2016,16:01:15,0,car,28.5,77.15,low,3
215,BHMBCCMKT01,577,393,15-10-2016,16:27:16,0,car,28.5,77.15,low,3
216,BHMBCCMKT01,577,48,16-10-2016,08:04:13,1,car,28.5,77.15,low,2
217,BHMBCCMKT01,577,48,16-10-2016,08:27:13,1,car,28.5,77.15,low,2
218,BHMBCCMKT01,577,55,16-10-2016,09:01:15,1,car,28.5,77.15,low,3
219,BHMBCCMKT01,577,57,16-10-2016,09:27:13,1,bike,28.5,77.15,average,4
220,BHMBCCMKT01,577,57,16-10-2016,10:04:13,1,car,28.5,77.15,low,5
221,BHMBCCMKT01,577,56,16-10-2016,10:34:13,1,car,28.5,77.15,average,4
222,BHMBCCMKT01,577,56,16-10-2016,11:01:13,1,cycle,28.5,77.15,average,7
223,BHMBCCMKT01,577,56,16-10-2016,11:27:17,1,bike,28.5,77.15,average,6
224,BHMBCCMKT01,577,65,16-10-2016,12:01:16,1,car,28.5,77.15,high,11
225,BHMBCCMKT01,577,105,16-10-2016,12:27:14,1,car,28.5,77.15,high,12
226,BHMBCCMKT01,577,131,16-10-2016,13:01:16,1,truck,28.5,77.15,high,11
227,BHMBCCMKT01,577,146,16-10-2016,13:27:17,1,truck,28.5,77.15,high,11
228,BHMBCCMKT01,577,170,16-10-2016,14:01:18,1,car,28.5,77.15,average,6
229,BHMBCCMKT01,577,180,16-10-2016,14:27:13,1,car,28.5,77.15,average,7
230,BHMBCCMKT01,577,192,16-10-2016,15:01:18,1,car,28.5,77.15,low,4
231,BHMBCCMKT01,577,185,16-10-2016,15:31:18,1,car,28.5,77.15,low,4
232,BHMBCCMKT01,577,173,16-10-2016,15:57:16,1,bike,28.5,77.15,low,4
233,BHMBCCMKT01,577,154,16-10-2016,16:31:17,1,car,28.5,77.15,low,3
234,BHMBCCMKT01,577,50,17-10-2016,08:01:16,0,car,28.5,77.15,low,3
235,BHMBCCMKT01,577,54,17-10-2016,08:27:16,0,car,28.5,77.15,low,2
236,BHMBCCMKT01,577,66,17-10-2016,09:01:17,0,car,28.5,77.15,low,1
237,BHMBCCMKT01,577,76,17-10-2016,09:27:20,0,car,28.5,77.15,low,2
238,BHMBCCMKT01,577,112,17-10-2016,10:04:20,0,bike,28.5,77.15,low,3
239,BHMBCCMKT01,577,119,17-10-2016,10:31:16,0,car,28.5,77.15,average,5
240,BHMBCCMKT01,577,144,17-10-2016,11:04:20,0,car,28.5,77.15,average,5
241,BHMBCCMKT01,577,153,17-10-2016,11:31:18,0,cycle,28.5,77.15,average,6
242,BHMBCCMKT01,577,159,17-10-2016,12:04:19,0,cycle,28.5,77.15,high,9
243,BHMBCCMKT01,577,154,17-10-2016,12:31:21,0,car,28.5,77.15,high,10
244,BHMBCCMKT01,577,154,17-10-2016,12:57:17,0,bike,28.5,77.15,high,9
245,BHMBCCMKT01,577,157,17-10-2016,13:31:21,0,car,28.5,77.15,high,8
246,BHMBCCMKT01,577,161,17-10-2016,14:04:21,0,bike,28.5,77.15,average,4
247,BHMBCCMKT01,577,147,17-10-2016,14:31:21,0,truck,28.5,77.15,average,4
248,BHMBCCMKT01,577,133,17-10-2016,14:57:18,0,bike,28.5,77.15,high,7
249,BHMBCCMKT01,577,121,17-10-2016,15:31:21,0,car,28.5,77.15,low,3
250,BHMBCCMKT01,577,115,17-10-2016,15:57:17,0,car,28.5,77.15,low,2
251,BHMBCCMKT01,577,110,17-10-2016,16:28:21,0,car,28.5,77.15,average,3
252,BHMBCCMKT01,577,57,18-10-2016,08:01:23,0,bike,28.5,77.15,low,3
253,BHMBCCMKT01,577,60,18-10-2016,08:28:25,0,car,28.5,77.15,low,2
254,BHMBCCMKT01,577,72,18-10-2016,09:01:23,0,car,28.5,77.15,average,2
255,BHMBCCMKT01,577,91,18-10-2016,09:28:22,0,car,28.5,77.15,low,2
256,BHMBCCMKT01,577,145,18-10-2016,10:01:25,0,bike,28.5,77.15,low,4
257,BHMBCCMKT01,577,178,18-10-2016,10:28:58,0,cycle,28.5,77.15,low,3
258,BHMBCCMKT01,577,220,18-10-2016,11:01:57,0,car,28.5,77.15,average,7
259,BHMBCCMKT01,577,228,18-10-2016,11:27:56,0,car,28.5,77.15,average,7
260,BHMBCCMKT01,577,231,18-10-2016,12:01:59,0,car,28.5,77.15,high,10
261,BHMBCCMKT01,577,224,18-10-2016,12:27:57,0,car,28.5,77.15,average,7
262,BHMBCCMKT01,577,237,18-10-2016,13:01:56,0,car,28.5,77.15,high,8
263,BHMBCCMKT01,577,227,18-10-2016,13:28:57,0,bike,28.5,77.15,high,9
264,BHMBCCMKT01,577,226,18-10-2016,13:54:59,0,car,28.5,77.15,average,6
265,BHMBCCMKT01,577,200,18-10-2016,14:27:56,0,bike,28.5,77.15,average,4
266,BHMBCCMKT01,577,165,18-10-2016,15:01:58,0,car,28.5,77.15,low,4
267,BHMBCCMKT01,577,157,18-10-2016,15:27:59,0,car,28.5,77.15,low,2
268,BHMBCCMKT01,577,149,18-10-2016,15:55:00,0,truck,28.5,77.15,low,3
269,BHMBCCMKT01,577,124,18-10-2016,16:27:54,0,cycle,28.5,77.15,low,2
270,BHMBCCMKT01,577,49,19-10-2016,08:05:03,0,cycle,28.5,77.15,low,2
271,BHMBCCMKT01,577,51,19-10-2016,08:25:01,0,bike,28.5,77.15,low,1
272,BHMBCCMKT01,577,59,19-10-2016,08:58:05,0,bike,28.5,77.15,low,2
273,BHMBCCMKT01,577,76,19-10-2016,09:32:04,0,bike,28.5,77.15,low,2
274,BHMBCCMKT01,577,105,19-10-2016,09:58:04,0,truck,28.5,77.15,low,2
275,BHMBCCMKT01,577,135,19-10-2016,10:25:04,0,bike,28.5,77.15,low,4
276,BHMBCCMKT01,577,156,19-10-2016,10:59:00,0,bike,28.5,77.15,average,5
277,BHMBCCMKT01,577,177,19-10-2016,11:25:04,0,car,28.5,77.15,average,6
278,BHMBCCMKT01,577,181,19-10-2016,11:59:05,0,car,28.5,77.15,average,6
279,BHMBCCMKT01,577,171,19-10-2016,12:25:00,0,car,28.5,77.15,high,9
280,BHMBCCMKT01,577,165,19-10-2016,12:58:01,0,cycle,28.5,77.15,high,9
281,BHMBCCMKT01,577,167,19-10-2016,13:25:03,0,car,28.5,77.15,high,9
282,BHMBCCMKT01,577,161,19-10-2016,13:58:02,0,cycle,28.5,77.15,average,7
283,BHMBCCMKT01,577,156,19-10-2016,14:32:03,0,cycle,28.5,77.15,average,4
284,BHMBCCMKT01,577,144,19-10-2016,14:58:03,0,truck,28.5,77.15,average,5
285,BHMBCCMKT01,577,127,19-10-2016,15:32:05,0,bike,28.5,77.15,low,2
286,BHMBCCMKT01,577,117,19-10-2016,15:59:01,0,car,28.5,77.15,low,3
287,BHMBCCMKT01,577,110,19-10-2016,16:25:03,0,car,28.5,77.15,low,2
288,BHMBCCMKT01,577,57,22-10-2016,07:59:45,0,car,28.5,77.15,low,2
289,BHMBCCMKT01,577,59,22-10-2016,08:26:46,0,car,28.5,77.15,low,2
290,BHMBCCMKT01,577,72,22-10-2016,08:59:44,0,cycle,28.5,77.15,low,2
291,BHMBCCMKT01,577,93,22-10-2016,09:26:47,0,car,28.5,77.15,low,2
292,BHMBCCMKT01,577,130,22-10-2016,09:59:44,0,truck,28.5,77.15,low,2
293,BHMBCCMKT01,577,156,22-10-2016,10:26:47,0,car,28.5,77.15,low,4
294,BHMBCCMKT01,577,198,22-10-2016,10:59:47,0,truck,28.5,77.15,high,7
295,BHMBCCMKT01,577,239,22-10-2016,11:32:43,0,cycle,28.5,77.15,average,6
296,BHMBCCMKT01,577,261,22-10-2016,11:59:46,0,car,28.5,77.15,high,10
297,BHMBCCMKT01,577,324,22-10-2016,12:32:47,0,bike,28.5,77.15,high,11
298,BHMBCCMKT01,577,359,22-10-2016,12:59:47,0,car,28.5,77.15,high,11
299,BHMBCCMKT01,577,380,22-10-2016,13:32:43,0,truck,28.5,77.15,high,10
300,BHMBCCMKT01,577,408,22-10-2016,13:59:48,0,bike,28.5,77.15,high,10
301,BHMBCCMKT01,577,430,22-10-2016,14:39:47,0,car,28.5,77.15,average,5
302,BHMBCCMKT01,577,424,22-10-2016,14:59:48,0,bike,28.5,77.15,average,6
303,BHMBCCMKT01,577,403,22-10-2016,15:26:49,0,car,28.5,77.15,low,4
304,BHMBCCMKT01,577,384,22-10-2016,15:59:47,0,car,28.5,77.15,low,3
305,BHMBCCMKT01,577,340,22-10-2016,16:26:47,0,truck,28.5,77.15,low,3
306,BHMBCCMKT01,577,47,23-10-2016,07:59:48,1,car,28.5,77.15,low,3
307,BHMBCCMKT01,577,48,23-10-2016,08:26:51,1,car,28.5,77.15,low,2
308,BHMBCCMKT01,577,51,23-10-2016,08:59:50,1,bike,28.5,77.15,low,3
309,BHMBCCMKT01,577,50,23-10-2016,09:26:51,1,bike,28.5,77.15,low,3
310,BHMBCCMKT01,577,54,23-10-2016,09:59:52,1,bike,28.5,77.15,low,3
311,BHMBCCMKT01,577,60,23-10-2016,10:26:53,1,bike,28.5,77.15,low,5
312,BHMBCCMKT01,577,80,23-10-2016,10:59:53,1,car,28.5,77.15,high,8
313,BHMBCCMKT01,577,107,23-10-2016,11:26:49,1,car,28.5,77.15,average,8
314,BHMBCCMKT01,577,125,23-10-2016,11:59:50,1,car,28.5,77.15,average,9
315,BHMBCCMKT01,577,144,23-10-2016,12:26:51,1,bike,28.5,77.15,high,13
316,BHMBCCMKT01,577,175,23-10-2016,13:06:52,1,car,28.5,77.15,high,12
317,BHMBCCMKT01,577,192,23-10-2016,13:26:55,1,car,28.5,77.15,high,12
318,BHMBCCMKT01,577,215,23-10-2016,13:59:53,1,cycle,28.5,77.15,average,9
319,BHMBCCMKT01,577,226,23-10-2016,14:26:51,1,car,28.5,77.15,average,7
320,BHMBCCMKT01,577,219,23-10-2016,14:59:53,1,car,28.5,77.15,average,7
321,BHMBCCMKT01,577,215,23-10-2016,15:26:56,1,cycle,28.5,77.15,low,4
322,BHMBCCMKT01,577,179,23-10-2016,15:59:54,1,car,28.5,77.15,low,4
323,BHMBCCMKT01,577,150,23-10-2016,16:26:57,1,car,28.5,77.15,low,4
324,BHMBCCMKT01,577,47,24-10-2016,07:56:56,0,bike,28.5,77.15,average,2
325,BHMBCCMKT01,577,55,24-10-2016,08:29:56,0,truck,28.5,77.15,low,1
326,BHMBCCMKT01,577,62,24-10-2016,09:03:01,0,car,28.5,77.15,low,3
327,BHMBCCMKT01,577,73,24-10-2016,09:30:01,0,car,28.5,77.15,low,3
328,BHMBCCMKT01,577,87,24-10-2016,09:55:57,0,car,28.5,77.15,low,3
329,BHMBCCMKT01,577,114,24-10-2016,10:30:02,0,car,28.5,77.15,average,5
330,BHMBCCMKT01,577,137,24-10-2016,11:03:03,0,car,28.5,77.15,average,6
331,BHMBCCMKT01,577,155,24-10-2016,11:29:57,0,car,28.5,77.15,average,6
332,BHMBCCMKT01,577,173,24-10-2016,12:02:57,0,cycle,28.5,77.15,high,9
333,BHMBCCMKT01,577,191,24-10-2016,12:30:03,0,car,28.5,77.15,high,9
334,BHMBCCMKT01,577,198,24-10-2016,12:56:58,0,car,28.5,77.15,high,10
335,BHMBCCMKT01,577,208,24-10-2016,13:30:03,0,car,28.5,77.15,high,9
336,BHMBCCMKT01,577,219,24-10-2016,13:56:01,0,cycle,28.5,77.15,average,6
337,BHMBCCMKT01,577,215,24-10-2016,14:30:02,0,car,28.5,77.15,average,5
338,BHMBCCMKT01,577,209,24-10-2016,14:56:02,0,bike,28.5,77.15,average,5
339,BHMBCCMKT01,577,209,24-10-2016,15:32:59,0,bike,28.5,77.15,low,3
340,BHMBCCMKT01,577,192,24-10-2016,16:00:04,0,bike,28.5,77.15,low,2
341,BHMBCCMKT01,577,175,24-10-2016,16:33:03,0,car,28.5,77.15,low,2
342,BHMBCCMKT01,577,54,25-10-2016,08:00:03,0,car,28.5,77.15,low,2
343,BHMBCCMKT01,577,55,25-10-2016,08:26:08,0,car,28.5,77.15,low,2
344,BHMBCCMKT01,577,82,25-10-2016,09:00:03,0,bike,28.5,77.15,low,2
345,BHMBCCMKT01,577,95,25-10-2016,09:19:19,0,car,28.5,77.15,average,3
346,BHMBCCMKT01,577,129,25-10-2016,09:56:19,0,car,28.5,77.15,low,2
347,BHMBCCMKT01,577,173,25-10-2016,10:29:19,0,car,28.5,77.15,low,3
348,BHMBCCMKT01,577,202,25-10-2016,10:56:23,0,bike,28.5,77.15,average,5
349,BHMBCCMKT01,577,249,25-10-2016,11:29:22,0,car,28.5,77.15,average,6
350,BHMBCCMKT01,577,290,25-10-2016,12:02:23,0,truck,28.5,77.15,high,10
351,BHMBCCMKT01,577,303,25-10-2016,12:29:21,0,car,28.5,77.15,high,11
352,BHMBCCMKT01,577,331,25-10-2016,13:03:20,0,cycle,28.5,77.15,high,10
353,BHMBCCMKT01,577,345,25-10-2016,13:29:24,0,cycle,28.5,77.15,high,10
354,BHMBCCMKT01,577,363,25-10-2016,13:56:21,0,car,28.5,77.15,high,10
355,BHMBCCMKT01,577,365,25-10-2016,14:29:23,0,truck,28.5,77.15,high,7
356,BHMBCCMKT01,577,340,25-10-2016,15:02:24,0,car,28.5,77.15,low,3
357,BHMBCCMKT01,577,302,25-10-2016,15:29:22,0,car,28.5,77.15,low,3
358,BHMBCCMKT01,577,273,25-10-2016,15:56:25,0,bike,28.5,77.15,low,3
359,BHMBCCMKT01,577,226,25-10-2016,16:29:22,0,car,28.5,77.15,low,2
360,BHMBCCMKT01,577,56,26-10-2016,07:59:26,0,car,28.5,77.15,low,2
361,BHMBCCMKT01,577,63,26-10-2016,08:32:27,0,car,28.5,77.15,low,3
362,BHMBCCMKT01,577,70,26-10-2016,08:59:29,0,car,28.5,77.15,average,2
363,BHMBCCMKT01,577,87,26-10-2016,09:26:27,0,truck,28.5,77.15,low,3
364,BHMBCCMKT01,577,108,26-10-2016,09:59:25,0,bike,28.5,77.15,low,3
365,BHMBCCMKT01,577,125,26-10-2016,10:26:30,0,car,28.5,77.15,low,3
366,BHMBCCMKT01,577,159,26-10-2016,10:59:30,0,bike,28.5,77.15,high,7
367,BHMBCCMKT01,577,182,26-10-2016,11:26:28,0,car,28.5,77.15,high,9
368,BHMBCCMKT01,577,198,26-10-2016,11:59:29,0,car,28.5,77.15,average,6
369,BHMBCCMKT01,577,205,26-10-2016,12:26:27,0,car,28.5,77.15,high,9
370,BHMBCCMKT01,577,231,26-10-2016,12:59:31,0,car,28.5,77.15,high,10
371,BHMBCCMKT01,577,244,26-10-2016,13:26:32,0,car,28.5,77.15,high,9
372,BHMBCCMKT01,577,260,26-10-2016,13:59:26,0,truck,28.5,77.15,average,7
373,BHMBCCMKT01,577,267,26-10-2016,14:26:26,0,car,28.5,77.15,average,6
374,BHMBCCMKT01,577,252,26-10-2016,14:59:30,0,bike,28.5,77.15,average,6
375,BHMBCCMKT01,577,238,26-10-2016,15:26:30,0,car,28.5,77.15,low,3
376,BHMBCCMKT01,577,212,26-10-2016,15:59:32,0,car,28.5,77.15,low,3
377,BHMBCCMKT01,577,180,26-10-2016,16:32:30,0,car,28.5,77.15,low,2
378,BHMBCCMKT01,577,54,27-10-2016,07:59:33,0,car,28.5,77.15,low,3
379,BHMBCCMKT01,577,60,27-10-2016,08:32:33,0,truck,28.5,77.15,low,1
380,BHMBCCMKT01,577,69,27-10-2016,08:59:33,0,bike,28.5,77.15,low,2
381,BHMBCCMKT01,577,90,27-10-2016,09:32:35,0,truck,28.5,77.15,low,2
382,BHMBCCMKT01,577,102,27-10-2016,09:59:37,0,bike,28.5,77.15,low,2
383,BHMBCCMKT01,577,117,27-10-2016,10:25:37,0,bike,28.5,77.15,low,3
384,BHMBCCMKT01,577,160,27-10-2016,10:59:38,0,bike,28.5,77.15,average,4
385,BHMBCCMKT01,577,189,27-10-2016,11:32:32,0,car,28.5,77.15,average,6
386,BHMBCCMKT01,577,207,27-10-2016,11:59:38,0,car,28.5,77.15,average,6
387,BHMBCCMKT01,577,222,27-10-2016,12:26:35,0,bike,28.5,77.15,high,11
388,BHMBCCMKT01,577,247,27-10-2016,12:59:36,0,car,28.5,77.15,high,10
389,BHMBCCMKT01,577,271,27-10-2016,13:32:35,0,car,28.5,77.15,high,9
390,BHMBCCMKT01,577,279,27-10-2016,13:59:37,0,cycle,28.5,77.15,average,6
391,BHMBCCMKT01,577,280,27-10-2016,14:26:38,0,car,28.5,77.15,high,8
392,BHMBCCMKT01,577,266,27-10-2016,14:59:37,0,car,28.5,77.15,average,5
393,BHMBCCMKT01,577,263,27-10-2016,15:26:33,0,car,28.5,77.15,low,4
394,BHMBCCMKT01,577,241,27-10-2016,15:59:38,0,truck,28.5,77.15,low,4
395,BHMBCCMKT01,577,225,27-10-2016,16:26:39,0,car,28.5,77.15,low,2
396,BHMBCCMKT01,577,57,28-10-2016,08:16:41,0,truck,28.5,77.15,low,1
397,BHMBCCMKT01,577,57,28-10-2016,08:16:41,0,car,28.5,77.15,low,2
398,BHMBCCMKT01,577,69,28-10-2016,08:56:40,0,car,28.5,77.15,average,2
399,BHMBCCMKT01,577,99,28-10-2016,09:29:43,0,bike,28.5,77.15,average,4
400,BHMBCCMKT01,577,135,28-10-2016,10:02:44,0,car,28.5,77.15,low,3
401,BHMBCCMKT01,577,171,28-10-2016,10:29:41,0,car,28.5,77.15,low,3
402,BHMBCCMKT01,577,196,28-10-2016,10:56:43,0,bike,28.5,77.15,average,5
403,BHMBCCMKT01,577,230,28-10-2016,11:29:44,0,cycle,28.5,77.15,high,9
404,BHMBCCMKT01,577,262,28-10-2016,12:02:44,0,car,28.5,77.15,average,7
405,BHMBCCMKT01,577,269,28-10-2016,12:29:45,0,car,28.5,77.15,high,10
406,BHMBCCMKT01,577,266,28-10-2016,13:02:43,0,car,28.5,77.15,high,9
407,BHMBCCMKT01,577,275,28-10-2016,13:29:45,0,car,28.5,77.15,high,9
408,BHMBCCMKT01,577,296,28-10-2016,14:02:39,0,cycle,28.5,77.15,average,5
409,BHMBCCMKT01,577,290,28-10-2016,14:29:45,0,car,28.5,77.15,average,5
410,BHMBCCMKT01,577,282,28-10-2016,15:02:43,0,bike,28.5,77.15,low,3
411,BHMBCCMKT01,577,269,28-10-2016,15:29:41,0,car,28.5,77.15,low,3
412,BHMBCCMKT01,577,256,28-10-2016,16:02:40,0,car,28.5,77.15,low,2
413,BHMBCCMKT01,577,220,28-10-2016,16:29:42,0,car,28.5,77.15,low,3
414,BHMBCCMKT01,577,51,29-10-2016,07:59:48,0,car,28.5,77.15,average,2
415,BHMBCCMKT01,577,56,29-10-2016,08:26:46,0,car,28.5,77.15,low,1
416,BHMBCCMKT01,577,66,29-10-2016,08:59:48,0,car,28.5,77.15,low,3
417,BHMBCCMKT01,577,91,29-10-2016,09:26:50,0,car,28.5,77.15,low,3
418,BHMBCCMKT01,577,124,29-10-2016,09:59:51,0,car,28.5,77.15,low,3
419,BHMBCCMKT01,577,164,29-10-2016,10:26:49,0,car,28.5,77.15,low,4
420,BHMBCCMKT01,577,213,29-10-2016,10:59:46,0,car,28.5,77.15,average,6
421,BHMBCCMKT01,577,267,29-10-2016,11:25:51,0,car,28.5,77.15,average,7
422,BHMBCCMKT01,577,314,29-10-2016,12:06:51,0,car,28.5,77.15,high,10
423,BHMBCCMKT01,577,339,29-10-2016,12:26:46,0,bike,28.5,77.15,high,11
424,BHMBCCMKT01,577,338,29-10-2016,12:59:51,0,car,28.5,77.15,high,11
425,BHMBCCMKT01,577,368,29-10-2016,13:26:47,0,car,28.5,77.15,high,10
426,BHMBCCMKT01,577,366,29-10-2016,13:59:51,0,bike,28.5,77.15,average,7
427,BHMBCCMKT01,577,374,29-10-2016,14:26:50,0,bike,28.5,77.15,average,6
428,BHMBCCMKT01,577,414,29-10-2016,14:59:51,0,bike,28.5,77.15,average,6
429,BHMBCCMKT01,577,417,29-10-2016,15:26:52,0,car,28.5,77.15,low,3
430,BHMBCCMKT01,577,417,29-10-2016,15:59:51,0,car,28.5,77.15,low,3
431,BHMBCCMKT01,577,369,29-10-2016,16:26:53,0,car,28.5,77.15,low,2
432,BHMBCCMKT01,577,43,30-10-2016,07:59:55,1,car,28.5,77.15,low,2
433,BHMBCCMKT01,577,43,30-10-2016,07:59:55,1,car,28.5,77.15,low,3
434,BHMBCCMKT01,577,43,30-10-2016,07:59:55,1,car,28.5,77.15,low,3
435,BHMBCCMKT01,577,44,30-10-2016,08:25:53,1,car,28.5,77.15,low,2
436,BHMBCCMKT01,577,45,30-10-2016,08:59:52,1,car,28.5,77.15,average,4
437,BHMBCCMKT01,577,44,30-10-2016,09:25:57,1,truck,28.5,77.15,low,2
438,BHMBCCMKT01,577,47,30-10-2016,09:59:52,1,car,28.5,77.15,low,2
439,BHMBCCMKT01,577,61,30-10-2016,10:25:54,1,bike,28.5,77.15,low,4
440,BHMBCCMKT01,577,84,30-10-2016,10:59:56,1,car,28.5,77.15,average,6
441,BHMBCCMKT01,577,107,30-10-2016,11:25:55,1,car,28.5,77.15,average,8
442,BHMBCCMKT01,577,122,30-10-2016,11:59:58,1,car,28.5,77.15,average,7
443,BHMBCCMKT01,577,142,30-10-2016,12:26:54,1,cycle,28.5,77.15,average,9
444,BHMBCCMKT01,577,169,30-10-2016,13:06:59,1,bike,28.5,77.15,high,11
445,BHMBCCMKT01,577,177,30-10-2016,13:25:59,1,car,28.5,77.15,high,12
446,BHMBCCMKT01,577,182,30-10-2016,13:59:59,1,bike,28.5,77.15,average,9
447,BHMBCCMKT01,577,183,30-10-2016,14:32:54,1,car,28.5,77.15,average,6
448,BHMBCCMKT01,577,157,30-10-2016,15:00:00,1,bike,28.5,77.15,average,5
449,BHMBCCMKT01,577,147,30-10-2016,15:32:59,1,car,28.5,77.15,low,3
450,BHMBCCMKT01,577,49,31-10-2016,08:00:03,0,car,28.5,77.15,low,2
451,BHMBCCMKT01,577,58,31-10-2016,08:26:02,0,car,28.5,77.15,low,2
452,BHMBCCMKT01,577,67,31-10-2016,09:00:00,0,car,28.5,77.15,average,2
453,BHMBCCMKT01,577,92,31-10-2016,09:26:03,0,bike,28.5,77.15,average,3
454,BHMBCCMKT01,577,111,31-10-2016,10:00:05,0,cycle,28.5,77.15,low,3
455,BHMBCCMKT01,577,129,31-10-2016,10:26:02,0,car,28.5,77.15,low,3
456,BHMBCCMKT01,577,166,31-10-2016,11:00:02,0,car,28.5,77.15,high,8
457,BHMBCCMKT01,577,178,31-10-2016,11:26:04,0,truck,28.5,77.15,high,8
458,BHMBCCMKT01,577,198,31-10-2016,12:00:04,0,car,28.5,77.15,high,9
459,BHMBCCMKT01,577,199,31-10-2016,12:26:06,0,car,28.5,77.15,high,9
460,BHMBCCMKT01,577,198,31-10-2016,13:00:06,0,car,28.5,77.15,high,10
461,BHMBCCMKT01,577,201,31-10-2016,13:26:01,0,car,28.5,77.15,high,9
462,BHMBCCMKT01,577,189,31-10-2016,13:59:47,0,bike,28.5,77.15,high,8
463,BHMBCCMKT01,577,185,31-10-2016,14:26:05,0,truck,28.5,77.15,average,5
464,BHMBCCMKT01,577,160,31-10-2016,15:00:03,0,car,28.5,77.15,average,3
465,BHMBCCMKT01,577,141,31-10-2016,15:27:04,0,car,28.5,77.15,low,3
466,BHMBCCMKT01,577,130,31-10-2016,16:00:07,0,bike,28.5,77.15,average,3
467,BHMBCCMKT01,577,121,31-10-2016,16:26:06,0,car,28.5,77.15,low,2
468,BHMBCCMKT01,577,50,01-11-2016,08:06:07,0,car,28.5,77.15,low,1
469,BHMBCCMKT01,577,54,01-11-2016,08:26:07,0,car,28.5,77.15,low,2
470,BHMBCCMKT01,577,69,01-11-2016,09:00:08,0,car,28.5,77.15,low,2
471,BHMBCCMKT01,577,91,01-11-2016,09:26:12,0,car,28.5,77.15,low,1
472,BHMBCCMKT01,577,135,01-11-2016,10:00:08,0,truck,28.5,77.15,average,4
473,BHMBCCMKT01,577,163,01-11-2016,10:26:11,0,bike,28.5,77.15,low,4
474,BHMBCCMKT01,577,185,01-11-2016,11:00:09,0,car,28.5,77.15,high,9
475,BHMBCCMKT01,577,207,01-11-2016,11:26:11,0,cycle,28.5,77.15,high,9
476,BHMBCCMKT01,577,239,01-11-2016,12:00:08,0,car,28.5,77.15,high,10
477,BHMBCCMKT01,577,244,01-11-2016,12:26:12,0,truck,28.5,77.15,high,10
478,BHMBCCMKT01,577,243,01-11-2016,13:00:12,0,bike,28.5,77.15,high,10
479,BHMBCCMKT01,577,241,01-11-2016,13:26:12,0,car,28.5,77.15,high,10
480,BHMBCCMKT01,577,229,01-11-2016,14:00:09,0,bike,28.5,77.15,average,5
481,BHMBCCMKT01,577,199,01-11-2016,14:26:10,0,truck,28.5,77.15,average,4
482,BHMBCCMKT01,577,180,01-11-2016,15:00:12,0,car,28.5,77.15,low,2
483,BHMBCCMKT01,577,167,01-11-2016,15:27:09,0,car,28.5,77.15,low,3
484,BHMBCCMKT01,577,153,01-11-2016,16:00:09,0,cycle,28.5,77.15,low,2
485,BHMBCCMKT01,577,133,01-11-2016,16:33:14,0,truck,28.5,77.15,low,2
486,BHMBCCMKT01,577,50,02-11-2016,07:56:18,0,car,28.5,77.15,average,2
487,BHMBCCMKT01,577,52,02-11-2016,08:30:14,0,car,28.5,77.15,low,1
488,BHMBCCMKT01,577,57,02-11-2016,08:56:14,0,car,28.5,77.15,average,3
489,BHMBCCMKT01,577,81,02-11-2016,09:30:15,0,bike,28.5,77.15,low,3
490,BHMBCCMKT01,577,97,02-11-2016,09:56:15,0,car,28.5,77.15,low,2
491,BHMBCCMKT01,577,125,02-11-2016,10:29:19,0,bike,28.5,77.15,low,4
492,BHMBCCMKT01,577,144,02-11-2016,10:56:16,0,car,28.5,77.15,average,5
493,BHMBCCMKT01,577,167,02-11-2016,11:30:19,0,car,28.5,77.15,average,6
494,BHMBCCMKT01,577,169,02-11-2016,11:56:19,0,cycle,28.5,77.15,average,7
495,BHMBCCMKT01,577,184,02-11-2016,12:30:20,0,bike,28.5,77.15,high,10
496,BHMBCCMKT01,577,192,02-11-2016,13:03:20,0,cycle,28.5,77.15,high,8
497,BHMBCCMKT01,577,188,02-11-2016,13:30:18,0,car,28.5,77.15,high,9
498,BHMBCCMKT01,577,188,02-11-2016,14:03:20,0,car,28.5,77.15,average,4
499,BHMBCCMKT01,577,171,02-11-2016,14:30:16,0,car,28.5,77.15,average,4
500,BHMBCCMKT01,577,153,02-11-2016,14:56:19,0,bike,28.5,77.15,average,5
501,BHMBCCMKT01,577,130,02-11-2016,15:29:19,0,bike,28.5,77.15,low,4
502,BHMBCCMKT01,577,125,02-11-2016,16:03:20,0,car,28.5,77.15,low,2
503,BHMBCCMKT01,577,115,02-11-2016,16:30:18,0,cycle,28.5,77.15,low,2
504,BHMBCCMKT01,577,51,03-11-2016,08:00:22,0,truck,28.5,77.15,average,2
505,BHMBCCMKT01,577,56,03-11-2016,08:26:26,0,car,28.5,77.15,low,2
506,BHMBCCMKT01,577,60,03-11-2016,09:00:22,0,car,28.5,77.15,low,2
507,BHMBCCMKT01,577,80,03-11-2016,09:26:22,0,car,28.5,77.15,low,2
508,BHMBCCMKT01,577,119,03-11-2016,10:00:22,0,car,28.5,77.15,low,3
509,BHMBCCMKT01,577,138,03-11-2016,10:26:25,0,bike,28.5,77.15,low,3
510,BHMBCCMKT01,577,185,03-11-2016,11:00:24,0,cycle,28.5,77.15,average,6
511,BHMBCCMKT01,577,195,03-11-2016,11:26:27,0,bike,28.5,77.15,average,6
512,BHMBCCMKT01,577,195,03-11-2016,12:00:26,0,car,28.5,77.15,high,10
513,BHMBCCMKT01,577,191,03-11-2016,12:26:27,0,cycle,28.5,77.15,high,9
514,BHMBCCMKT01,577,196,03-11-2016,12:59:26,0,car,28.5,77.15,high,9
515,BHMBCCMKT01,577,191,03-11-2016,13:26:26,0,truck,28.5,77.15,high,9
516,BHMBCCMKT01,577,187,03-11-2016,13:59:26,0,car,28.5,77.15,average,6
517,BHMBCCMKT01,577,177,03-11-2016,14:26:23,0,car,28.5,77.15,average,4
518,BHMBCCMKT01,577,154,03-11-2016,15:00:23,0,cycle,28.5,77.15,low,3
519,BHMBCCMKT01,577,142,03-11-2016,15:26:24,0,car,28.5,77.15,low,3
520,BHMBCCMKT01,577,120,03-11-2016,16:03:28,0,car,28.5,77.15,low,1
521,BHMBCCMKT01,577,108,03-11-2016,16:30:27,0,bike,28.5,77.15,low,2
522,BHMBCCMKT01,577,48,04-11-2016,08:00:29,0,cycle,28.5,77.15,low,1
523,BHMBCCMKT01,577,56,04-11-2016,08:26:32,0,truck,28.5,77.15,low,2
524,BHMBCCMKT01,577,71,04-11-2016,08:59:32,0,car,28.5,77.15,low,2
525,BHMBCCMKT01,577,97,04-11-2016,09:33:32,0,car,28.5,77.15,low,2
526,BHMBCCMKT01,577,115,04-11-2016,10:00:29,0,car,28.5,77.15,low,3
527,BHMBCCMKT01,577,135,04-11-2016,10:26:31,0,car,28.5,77.15,low,4
528,BHMBCCMKT01,577,154,04-11-2016,11:00:33,0,car,28.5,77.15,average,6
529,BHMBCCMKT01,577,179,04-11-2016,11:33:31,0,car,28.5,77.15,high,8
530,BHMBCCMKT01,577,183,04-11-2016,12:00:31,0,car,28.5,77.15,high,10
531,BHMBCCMKT01,577,182,04-11-2016,12:33:34,0,car,28.5,77.15,high,9
532,BHMBCCMKT01,577,171,04-11-2016,13:00:30,0,car,28.5,77.15,high,8
533,BHMBCCMKT01,577,173,04-11-2016,13:26:33,0,car,28.5,77.15,average,6
534,BHMBCCMKT01,577,179,04-11-2016,13:59:31,0,car,28.5,77.15,high,8
535,BHMBCCMKT01,577,167,04-11-2016,14:26:30,0,car,28.5,77.15,average,5
536,BHMBCCMKT01,577,156,04-11-2016,15:00:30,0,car,28.5,77.15,low,2
537,BHMBCCMKT01,577,145,04-11-2016,15:26:30,0,car,28.5,77.15,low,3
538,BHMBCCMKT01,577,136,04-11-2016,16:00:33,0,car,28.5,77.15,low,3
539,BHMBCCMKT01,577,119,04-11-2016,16:26:30,0,car,28.5,77.15,low,2
540,BHMBCCMKT01,577,43,05-11-2016,08:00:35,0,bike,28.5,77.15,low,2
541,BHMBCCMKT01,577,48,05-11-2016,08:26:35,0,car,28.5,77.15,low,1
542,BHMBCCMKT01,577,59,05-11-2016,08:59:37,0,bike,28.5,77.15,low,2
543,BHMBCCMKT01,577,90,05-11-2016,09:26:38,0,car,28.5,77.15,average,4
544,BHMBCCMKT01,577,135,05-11-2016,09:59:37,0,car,28.5,77.15,low,2
545,BHMBCCMKT01,577,181,05-11-2016,10:33:38,0,car,28.5,77.15,average,4
546,BHMBCCMKT01,577,224,05-11-2016,10:59:39,0,truck,28.5,77.15,average,5
547,BHMBCCMKT01,577,243,05-11-2016,11:26:38,0,car,28.5,77.15,average,6
548,BHMBCCMKT01,577,278,05-11-2016,12:06:39,0,car,28.5,77.15,high,10
549,BHMBCCMKT01,577,288,05-11-2016,12:26:41,0,car,28.5,77.15,high,10
550,BHMBCCMKT01,577,331,05-11-2016,13:00:37,0,car,28.5,77.15,average,7
551,BHMBCCMKT01,577,351,05-11-2016,13:33:39,0,cycle,28.5,77.15,high,10
552,BHMBCCMKT01,577,361,05-11-2016,13:59:41,0,bike,28.5,77.15,average,7
553,BHMBCCMKT01,577,346,05-11-2016,14:26:39,0,car,28.5,77.15,average,5
554,BHMBCCMKT01,577,369,05-11-2016,15:00:40,0,car,28.5,77.15,low,3
555,BHMBCCMKT01,577,390,05-11-2016,15:26:40,0,cycle,28.5,77.15,low,3
556,BHMBCCMKT01,577,368,05-11-2016,16:00:41,0,bike,28.5,77.15,low,2
557,BHMBCCMKT01,577,340,05-11-2016,16:26:40,0,bike,28.5,77.15,low,2
558,BHMBCCMKT01,577,35,06-11-2016,08:00:42,1,truck,28.5,77.15,low,2
559,BHMBCCMKT01,577,35,06-11-2016,08:26:43,1,car,28.5,77.15,low,2
560,BHMBCCMKT01,577,36,06-11-2016,09:00:42,1,car,28.5,77.15,low,3
561,BHMBCCMKT01,577,39,06-11-2016,09:33:44,1,bike,28.5,77.15,low,4
562,BHMBCCMKT01,577,46,06-11-2016,10:00:43,1,car,28.5,77.15,low,4
563,BHMBCCMKT01,577,53,06-11-2016,10:26:46,1,bike,28.5,77.15,low,4
564,BHMBCCMKT01,577,77,06-11-2016,10:59:45,1,bike,28.5,77.15,average,6
565,BHMBCCMKT01,577,96,06-11-2016,11:26:44,1,car,28.5,77.15,average,7
566,BHMBCCMKT01,577,124,06-11-2016,11:59:43,1,cycle,28.5,77.15,average,7
567,BHMBCCMKT01,577,153,06-11-2016,12:26:47,1,cycle,28.5,77.15,high,12
568,BHMBCCMKT01,577,178,06-11-2016,13:06:45,1,bike,28.5,77.15,average,8
569,BHMBCCMKT01,577,188,06-11-2016,13:26:43,1,cycle,28.5,77.15,average,9
570,BHMBCCMKT01,577,216,06-11-2016,13:59:46,1,bike,28.5,77.15,average,9
571,BHMBCCMKT01,577,225,06-11-2016,14:33:47,1,car,28.5,77.15,average,8
572,BHMBCCMKT01,577,211,06-11-2016,15:00:47,1,car,28.5,77.15,low,4
573,BHMBCCMKT01,577,188,06-11-2016,15:26:45,1,car,28.5,77.15,low,4
574,BHMBCCMKT01,577,163,06-11-2016,15:59:48,1,car,28.5,77.15,low,4
575,BHMBCCMKT01,577,130,06-11-2016,16:26:45,1,bike,28.5,77.15,low,2
576,BHMBCCMKT01,577,30,07-11-2016,08:00:52,0,truck,28.5,77.15,low,2
577,BHMBCCMKT01,577,38,07-11-2016,08:26:53,0,car,28.5,77.15,low,2
578,BHMBCCMKT01,577,49,07-11-2016,08:59:50,0,cycle,28.5,77.15,low,1
579,BHMBCCMKT01,577,61,07-11-2016,09:26:49,0,car,28.5,77.15,low,3
580,BHMBCCMKT01,577,87,07-11-2016,09:59:50,0,bike,28.5,77.15,low,3
581,BHMBCCMKT01,577,110,07-11-2016,10:26:49,0,car,28.5,77.15,low,3
582,BHMBCCMKT01,577,142,07-11-2016,10:59:51,0,car,28.5,77.15,average,5
583,BHMBCCMKT01,577,157,07-11-2016,11:26:51,0,car,28.5,77.15,high,9
584,BHMBCCMKT01,577,157,07-11-2016,11:59:51,0,car,28.5,77.15,average,6
585,BHMBCCMKT01,577,160,07-11-2016,12:26:50,0,car,28.5,77.15,high,9
586,BHMBCCMKT01,577,154,07-11-2016,12:59:53,0,truck,28.5,77.15,high,9
587,BHMBCCMKT01,577,161,07-11-2016,13:33:52,0,bike,28.5,77.15,high,8
588,BHMBCCMKT01,577,162,07-11-2016,13:59:54,0,bike,28.5,77.15,average,6
589,BHMBCCMKT01,577,156,07-11-2016,14:33:55,0,car,28.5,77.15,average,4
590,BHMBCCMKT01,577,148,07-11-2016,15:00:51,0,car,28.5,77.15,low,3
591,BHMBCCMKT01,577,124,07-11-2016,15:33:53,0,car,28.5,77.15,low,2
592,BHMBCCMKT01,577,119,07-11-2016,16:00:51,0,truck,28.5,77.15,low,2
593,BHMBCCMKT01,577,118,07-11-2016,16:33:53,0,car,28.5,77.15,low,2
594,BHMBCCMKT01,577,34,08-11-2016,07:59:58,0,car,28.5,77.15,low,2
595,BHMBCCMKT01,577,36,08-11-2016,08:26:55,0,car,28.5,77.15,low,1
596,BHMBCCMKT01,577,46,08-11-2016,08:59:56,0,car,28.5,77.15,average,2
597,BHMBCCMKT01,577,68,08-11-2016,09:26:56,0,truck,28.5,77.15,low,2
598,BHMBCCMKT01,577,112,08-11-2016,09:59:56,0,car,28.5,77.15,low,2
599,BHMBCCMKT01,577,150,08-11-2016,10:33:59,0,cycle,28.5,77.15,average,5
600,BHMBCCMKT01,577,178,08-11-2016,11:00:00,0,car,28.5,77.15,average,6
601,BHMBCCMKT01,577,196,08-11-2016,11:33:56,0,cycle,28.5,77.15,high,8
602,BHMBCCMKT01,577,236,08-11-2016,11:59:58,0,bike,28.5,77.15,average,7
603,BHMBCCMKT01,577,250,08-11-2016,12:27:01,0,cycle,28.5,77.15,high,11
604,BHMBCCMKT01,577,253,08-11-2016,13:00:00,0,car,28.5,77.15,high,9
605,BHMBCCMKT01,577,237,08-11-2016,13:34:01,0,car,28.5,77.15,high,10
606,BHMBCCMKT01,577,223,08-11-2016,14:00:59,0,bike,28.5,77.15,average,5
607,BHMBCCMKT01,577,196,08-11-2016,14:26:58,0,car,28.5,77.15,average,4
608,BHMBCCMKT01,577,163,08-11-2016,15:00:02,0,car,28.5,77.15,low,2
609,BHMBCCMKT01,577,144,08-11-2016,15:33:57,0,car,28.5,77.15,average,4
610,BHMBCCMKT01,577,127,08-11-2016,16:01:02,0,bike,28.5,77.15,low,2
611,BHMBCCMKT01,577,106,08-11-2016,16:34:02,0,car,28.5,77.15,low,2
612,BHMBCCMKT01,577,32,09-11-2016,08:00:02,0,car,28.5,77.15,low,2
613,BHMBCCMKT01,577,37,09-11-2016,08:27:02,0,cycle,28.5,77.15,low,1
614,BHMBCCMKT01,577,43,09-11-2016,09:00:07,0,cycle,28.5,77.15,low,3
615,BHMBCCMKT01,577,61,09-11-2016,09:34:05,0,car,28.5,77.15,low,2
616,BHMBCCMKT01,577,88,09-11-2016,10:00:05,0,truck,28.5,77.15,low,3
617,BHMBCCMKT01,577,107,09-11-2016,10:27:03,0,car,28.5,77.15,low,4
618,BHMBCCMKT01,577,130,09-11-2016,11:00:04,0,car,28.5,77.15,average,6
619,BHMBCCMKT01,577,151,09-11-2016,11:27:04,0,car,28.5,77.15,high,8
620,BHMBCCMKT01,577,152,09-11-2016,12:00:06,0,car,28.5,77.15,high,9
621,BHMBCCMKT01,577,160,09-11-2016,12:27:05,0,cycle,28.5,77.15,high,9
622,BHMBCCMKT01,577,172,09-11-2016,13:00:08,0,car,28.5,77.15,high,9
623,BHMBCCMKT01,577,172,09-11-2016,13:27:04,0,truck,28.5,77.15,high,9
624,BHMBCCMKT01,577,163,09-11-2016,14:00:04,0,car,28.5,77.15,average,5
625,BHMBCCMKT01,577,152,09-11-2016,14:27:08,0,car,28.5,77.15,average,4
626,BHMBCCMKT01,577,134,09-11-2016,15:00:06,0,car,28.5,77.15,low,2
627,BHMBCCMKT01,577,124,09-11-2016,15:34:05,0,bike,28.5,77.15,low,3
628,BHMBCCMKT01,577,108,09-11-2016,16:00:09,0,truck,28.5,77.15,low,2
629,BHMBCCMKT01,577,94,09-11-2016,16:34:06,0,cycle,28.5,77.15,low,3
630,BHMBCCMKT01,577,36,10-11-2016,08:00:12,0,car,28.5,77.15,low,1
631,BHMBCCMKT01,577,41,10-11-2016,08:34:11,0,bike,28.5,77.15,low,2
632,BHMBCCMKT01,577,49,10-11-2016,09:00:09,0,cycle,28.5,77.15,low,2
633,BHMBCCMKT01,577,65,10-11-2016,09:27:11,0,car,28.5,77.15,low,2
634,BHMBCCMKT01,577,93,10-11-2016,10:00:12,0,bike,28.5,77.15,low,3
635,BHMBCCMKT01,577,126,10-11-2016,10:27:10,0,car,28.5,77.15,low,3
636,BHMBCCMKT01,577,160,10-11-2016,11:00:12,0,car,28.5,77.15,average,6
637,BHMBCCMKT01,577,186,10-11-2016,11:27:14,0,cycle,28.5,77.15,average,6
638,BHMBCCMKT01,577,201,10-11-2016,12:00:10,0,bike,28.5,77.15,high,9
639,BHMBCCMKT01,577,208,10-11-2016,12:27:14,0,car,28.5,77.15,high,9
640,BHMBCCMKT01,577,208,10-11-2016,13:00:13,0,car,28.5,77.15,high,9
641,BHMBCCMKT01,577,200,10-11-2016,13:34:14,0,car,28.5,77.15,high,10
642,BHMBCCMKT01,577,201,10-11-2016,14:00:15,0,car,28.5,77.15,average,5
643,BHMBCCMKT01,577,190,10-11-2016,14:27:13,0,car,28.5,77.15,average,4
644,BHMBCCMKT01,577,162,10-11-2016,15:00:13,0,car,28.5,77.15,low,3
645,BHMBCCMKT01,577,153,10-11-2016,15:27:15,0,car,28.5,77.15,low,3
646,BHMBCCMKT01,577,147,10-11-2016,16:00:15,0,car,28.5,77.15,average,2
647,BHMBCCMKT01,577,136,10-11-2016,16:27:13,0,bike,28.5,77.15,low,2
648,BHMBCCMKT01,577,39,11-11-2016,08:00:17,0,car,28.5,77.15,low,2
649,BHMBCCMKT01,577,42,11-11-2016,08:27:19,0,car,28.5,77.15,low,2
650,BHMBCCMKT01,577,63,11-11-2016,09:00:19,0,car,28.5,77.15,low,3
651,BHMBCCMKT01,577,82,11-11-2016,09:27:16,0,car,28.5,77.15,low,3
652,BHMBCCMKT01,577,122,11-11-2016,10:00:16,0,car,28.5,77.15,low,3
653,BHMBCCMKT01,577,147,11-11-2016,10:27:18,0,car,28.5,77.15,low,3
654,BHMBCCMKT01,577,169,11-11-2016,11:00:18,0,truck,28.5,77.15,average,7
655,BHMBCCMKT01,577,191,11-11-2016,11:27:18,0,car,28.5,77.15,average,6
656,BHMBCCMKT01,577,188,11-11-2016,12:00:21,0,car,28.5,77.15,average,7
657,BHMBCCMKT01,577,178,11-11-2016,12:27:21,0,car,28.5,77.15,high,9
658,BHMBCCMKT01,577,164,11-11-2016,13:00:19,0,car,28.5,77.15,average,6
659,BHMBCCMKT01,577,166,11-11-2016,13:34:21,0,car,28.5,77.15,high,8
660,BHMBCCMKT01,577,170,11-11-2016,14:00:21,0,car,28.5,77.15,average,4
661,BHMBCCMKT01,577,161,11-11-2016,14:27:18,0,car,28.5,77.15,average,4
662,BHMBCCMKT01,577,162,11-11-2016,15:00:21,0,car,28.5,77.15,low,3
663,BHMBCCMKT01,577,142,11-11-2016,15:34:20,0,bike,28.5,77.15,low,2
664,BHMBCCMKT01,577,138,11-11-2016,16:00:21,0,car,28.5,77.15,average,2
665,BHMBCCMKT01,577,124,11-11-2016,16:34:18,0,bike,28.5,77.15,average,3
666,BHMBCCMKT01,577,33,12-11-2016,08:00:26,0,car,28.5,77.15,low,1
667,BHMBCCMKT01,577,37,12-11-2016,08:27:25,0,car,28.5,77.15,low,2
668,BHMBCCMKT01,577,50,12-11-2016,09:00:26,0,bike,28.5,77.15,low,1
669,BHMBCCMKT01,577,73,12-11-2016,09:27:26,0,cycle,28.5,77.15,average,3
670,BHMBCCMKT01,577,124,12-11-2016,10:00:25,0,car,28.5,77.15,low,4
671,BHMBCCMKT01,577,159,12-11-2016,10:27:27,0,car,28.5,77.15,low,3
672,BHMBCCMKT01,577,212,12-11-2016,11:00:27,0,car,28.5,77.15,average,6
673,BHMBCCMKT01,577,251,12-11-2016,11:34:23,0,cycle,28.5,77.15,average,6
674,BHMBCCMKT01,577,291,12-11-2016,12:00:27,0,car,28.5,77.15,average,7
675,BHMBCCMKT01,577,306,12-11-2016,12:27:23,0,car,28.5,77.15,high,10
676,BHMBCCMKT01,577,321,12-11-2016,13:00:28,0,car,28.5,77.15,high,9
677,BHMBCCMKT01,577,341,12-11-2016,13:27:27,0,car,28.5,77.15,high,10
678,BHMBCCMKT01,577,383,12-11-2016,14:00:26,0,car,28.5,77.15,average,6
679,BHMBCCMKT01,577,416,12-11-2016,14:27:28,0,bike,28.5,77.15,average,6
680,BHMBCCMKT01,577,449,12-11-2016,15:00:28,0,truck,28.5,77.15,low,4
681,BHMBCCMKT01,577,442,12-11-2016,15:27:27,0,car,28.5,77.15,low,3
682,BHMBCCMKT01,577,418,12-11-2016,16:00:24,0,car,28.5,77.15,average,3
683,BHMBCCMKT01,577,356,12-11-2016,16:34:28,0,bike,28.5,77.15,low,3
684,BHMBCCMKT01,577,23,13-11-2016,08:00:29,1,car,28.5,77.15,low,1
685,BHMBCCMKT01,577,24,13-11-2016,08:27:31,1,cycle,28.5,77.15,average,3
686,BHMBCCMKT01,577,27,13-11-2016,09:00:32,1,car,28.5,77.15,low,2
687,BHMBCCMKT01,577,28,13-11-2016,09:34:15,1,truck,28.5,77.15,low,2
688,BHMBCCMKT01,577,32,13-11-2016,10:00:31,1,car,28.5,77.15,low,4
689,BHMBCCMKT01,577,46,13-11-2016,10:33:32,1,cycle,28.5,77.15,average,5
690,BHMBCCMKT01,577,69,13-11-2016,11:00:32,1,cycle,28.5,77.15,average,7
691,BHMBCCMKT01,577,95,13-11-2016,11:27:32,1,car,28.5,77.15,high,11
692,BHMBCCMKT01,577,128,13-11-2016,12:00:34,1,bike,28.5,77.15,high,12
693,BHMBCCMKT01,577,154,13-11-2016,12:27:31,1,cycle,28.5,77.15,high,13
694,BHMBCCMKT01,577,191,13-11-2016,13:07:31,1,car,28.5,77.15,high,13
695,BHMBCCMKT01,577,204,13-11-2016,13:33:34,1,car,28.5,77.15,high,12
696,BHMBCCMKT01,577,220,13-11-2016,14:00:35,1,bike,28.5,77.15,average,7
697,BHMBCCMKT01,577,233,13-11-2016,14:27:35,1,truck,28.5,77.15,average,7
698,BHMBCCMKT01,577,220,13-11-2016,15:00:35,1,bike,28.5,77.15,low,5
699,BHMBCCMKT01,577,205,13-11-2016,15:27:35,1,truck,28.5,77.15,low,4
700,BHMBCCMKT01,577,170,13-11-2016,16:00:32,1,car,28.5,77.15,average,4
701,BHMBCCMKT01,577,133,13-11-2016,16:27:34,1,car,28.5,77.15,low,4
702,BHMBCCMKT01,577,31,14-11-2016,08:00:37,0,car,28.5,77.15,low,1
703,BHMBCCMKT01,577,36,14-11-2016,08:33:40,0,car,28.5,77.15,low,1
704,BHMBCCMKT01,577,42,14-11-2016,09:00:38,0,truck,28.5,77.15,low,1
705,BHMBCCMKT01,577,61,14-11-2016,09:27:40,0,bike,28.5,77.15,low,2
706,BHMBCCMKT01,577,85,14-11-2016,10:00:37,0,truck,28.5,77.15,low,3
707,BHMBCCMKT01,577,99,14-11-2016,10:27:38,0,car,28.5,77.15,low,4
708,BHMBCCMKT01,577,129,14-11-2016,11:00:39,0,car,28.5,77.15,average,5
709,BHMBCCMKT01,577,135,14-11-2016,11:27:40,0,car,28.5,77.15,high,9
710,BHMBCCMKT01,577,158,14-11-2016,12:00:37,0,car,28.5,77.15,high,9
711,BHMBCCMKT01,577,154,14-11-2016,12:27:39,0,bike,28.5,77.15,average,6
712,BHMBCCMKT01,577,163,14-11-2016,13:00:38,0,car,28.5,77.15,high,8
713,BHMBCCMKT01,577,152,14-11-2016,13:27:41,0,car,28.5,77.15,high,9
714,BHMBCCMKT01,577,143,14-11-2016,14:00:38,0,car,28.5,77.15,average,5
715,BHMBCCMKT01,577,126,14-11-2016,14:33:40,0,car,28.5,77.15,average,5
716,BHMBCCMKT01,577,121,14-11-2016,15:00:38,0,car,28.5,77.15,low,3
717,BHMBCCMKT01,577,113,14-11-2016,15:27:42,0,car,28.5,77.15,low,3
718,BHMBCCMKT01,577,103,14-11-2016,16:00:39,0,bike,28.5,77.15,low,2
719,BHMBCCMKT01,577,89,14-11-2016,16:27:39,0,bike,28.5,77.15,low,2
720,BHMBCCMKT01,577,32,15-11-2016,07:57:43,0,cycle,28.5,77.15,low,2
721,BHMBCCMKT01,577,38,15-11-2016,08:30:47,0,car,28.5,77.15,low,1
722,BHMBCCMKT01,577,47,15-11-2016,08:57:45,0,bike,28.5,77.15,low,1
723,BHMBCCMKT01,577,79,15-11-2016,09:30:46,0,truck,28.5,77.15,low,3
724,BHMBCCMKT01,577,113,15-11-2016,09:57:44,0,car,28.5,77.15,low,3
725,BHMBCCMKT01,577,171,15-11-2016,10:30:47,0,car,28.5,77.15,average,5
726,BHMBCCMKT01,577,209,15-11-2016,11:03:48,0,car,28.5,77.15,average,6
727,BHMBCCMKT01,577,226,15-11-2016,11:30:46,0,bike,28.5,77.15,average,7
728,BHMBCCMKT01,577,227,15-11-2016,11:57:47,0,car,28.5,77.15,average,6
729,BHMBCCMKT01,577,222,15-11-2016,12:30:45,0,car,28.5,77.15,high,10
730,BHMBCCMKT01,577,230,15-11-2016,12:57:48,0,car,28.5,77.15,high,10
731,BHMBCCMKT01,577,233,15-11-2016,13:30:48,0,car,28.5,77.15,average,6
732,BHMBCCMKT01,577,248,15-11-2016,14:03:46,0,truck,28.5,77.15,average,5
733,BHMBCCMKT01,577,216,15-11-2016,14:30:48,0,car,28.5,77.15,average,4
734,BHMBCCMKT01,577,170,15-11-2016,15:03:48,0,car,28.5,77.15,low,3
735,BHMBCCMKT01,577,158,15-11-2016,15:30:49,0,car,28.5,77.15,average,4
736,BHMBCCMKT01,577,136,15-11-2016,15:57:49,0,car,28.5,77.15,low,3
737,BHMBCCMKT01,577,114,15-11-2016,16:30:46,0,bike,28.5,77.15,low,3
738,BHMBCCMKT01,577,38,16-11-2016,08:00:51,0,car,28.5,77.15,low,2
739,BHMBCCMKT01,577,40,16-11-2016,08:27:50,0,cycle,28.5,77.15,average,3
740,BHMBCCMKT01,577,54,16-11-2016,09:00:51,0,car,28.5,77.15,low,1
741,BHMBCCMKT01,577,64,16-11-2016,09:27:53,0,car,28.5,77.15,low,2
742,BHMBCCMKT01,577,99,16-11-2016,10:00:54,0,bike,28.5,77.15,low,3
743,BHMBCCMKT01,577,129,16-11-2016,10:33:53,0,truck,28.5,77.15,average,4
744,BHMBCCMKT01,577,149,16-11-2016,11:00:51,0,truck,28.5,77.15,average,6
745,BHMBCCMKT01,577,163,16-11-2016,11:27:51,0,car,28.5,77.15,average,6
746,BHMBCCMKT01,577,174,16-11-2016,12:00:54,0,car,28.5,77.15,high,9
747,BHMBCCMKT01,577,172,16-11-2016,12:27:54,0,car,28.5,77.15,high,9
748,BHMBCCMKT01,577,176,16-11-2016,13:00:54,0,bike,28.5,77.15,high,8
749,BHMBCCMKT01,577,187,16-11-2016,13:27:55,0,car,28.5,77.15,average,6
750,BHMBCCMKT01,577,182,16-11-2016,14:00:55,0,bike,28.5,77.15,average,4
751,BHMBCCMKT01,577,181,16-11-2016,14:27:52,0,car,28.5,77.15,average,4
752,BHMBCCMKT01,577,159,16-11-2016,15:00:55,0,bike,28.5,77.15,low,2
753,BHMBCCMKT01,577,145,16-11-2016,15:33:56,0,car,28.5,77.15,low,3
754,BHMBCCMKT01,577,140,16-11-2016,16:00:57,0,truck,28.5,77.15,low,2
755,BHMBCCMKT01,577,125,16-11-2016,16:33:57,0,bike,28.5,77.15,low,3
756,BHMBCCMKT01,577,34,17-11-2016,08:04:02,0,car,28.5,77.15,low,2
757,BHMBCCMKT01,577,38,17-11-2016,08:31:01,0,truck,28.5,77.15,low,2
758,BHMBCCMKT01,577,51,17-11-2016,09:03:57,0,car,28.5,77.15,low,2
759,BHMBCCMKT01,577,69,17-11-2016,09:31:01,0,car,28.5,77.15,low,3
760,BHMBCCMKT01,577,108,17-11-2016,09:57:02,0,car,28.5,77.15,low,2
761,BHMBCCMKT01,577,146,17-11-2016,10:31:02,0,car,28.5,77.15,high,7
762,BHMBCCMKT01,577,182,17-11-2016,11:04:02,0,bike,28.5,77.15,average,7
763,BHMBCCMKT01,577,186,17-11-2016,11:31:02,0,bike,28.5,77.15,high,9
764,BHMBCCMKT01,577,209,17-11-2016,12:04:02,0,car,28.5,77.15,high,10
765,BHMBCCMKT01,577,210,17-11-2016,12:31:03,0,car,28.5,77.15,average,7
766,BHMBCCMKT01,577,214,17-11-2016,13:04:03,0,car,28.5,77.15,high,9
767,BHMBCCMKT01,577,212,17-11-2016,13:31:03,0,car,28.5,77.15,high,10
768,BHMBCCMKT01,577,193,17-11-2016,14:04:03,0,car,28.5,77.15,average,5
769,BHMBCCMKT01,577,175,17-11-2016,14:30:59,0,car,28.5,77.15,average,6
770,BHMBCCMKT01,577,150,17-11-2016,14:58:03,0,truck,28.5,77.15,average,5
771,BHMBCCMKT01,577,136,17-11-2016,15:30:59,0,car,28.5,77.15,low,2
772,BHMBCCMKT01,577,130,17-11-2016,15:58:03,0,car,28.5,77.15,low,3
773,BHMBCCMKT01,577,114,17-11-2016,16:31:04,0,car,28.5,77.15,low,3
774,BHMBCCMKT01,577,35,18-11-2016,08:01:05,0,car,28.5,77.15,low,2
775,BHMBCCMKT01,577,35,18-11-2016,08:01:05,0,truck,28.5,77.15,low,1
776,BHMBCCMKT01,577,37,18-11-2016,08:27:05,0,bike,28.5,77.15,low,1
777,BHMBCCMKT01,577,73,18-11-2016,09:27:07,0,bike,28.5,77.15,low,2
778,BHMBCCMKT01,577,117,18-11-2016,10:01:06,0,car,28.5,77.15,low,3
779,BHMBCCMKT01,577,157,18-11-2016,10:27:05,0,car,28.5,77.15,low,4
780,BHMBCCMKT01,577,194,18-11-2016,11:01:06,0,car,28.5,77.15,average,6
781,BHMBCCMKT01,577,197,18-11-2016,11:34:08,0,car,28.5,77.15,average,6
782,BHMBCCMKT01,577,205,18-11-2016,12:01:06,0,cycle,28.5,77.15,high,10
783,BHMBCCMKT01,577,193,18-11-2016,12:27:09,0,car,28.5,77.15,high,10
784,BHMBCCMKT01,577,201,18-11-2016,13:01:10,0,car,28.5,77.15,high,9
785,BHMBCCMKT01,577,217,18-11-2016,13:34:10,0,car,28.5,77.15,high,9
786,BHMBCCMKT01,577,213,18-11-2016,14:01:10,0,car,28.5,77.15,average,5
787,BHMBCCMKT01,577,196,18-11-2016,14:28:08,0,truck,28.5,77.15,average,5
788,BHMBCCMKT01,577,168,18-11-2016,15:01:07,0,cycle,28.5,77.15,low,3
789,BHMBCCMKT01,577,164,18-11-2016,15:28:08,0,car,28.5,77.15,low,2
790,BHMBCCMKT01,577,154,18-11-2016,16:01:10,0,car,28.5,77.15,low,2
791,BHMBCCMKT01,577,140,18-11-2016,16:28:10,0,car,28.5,77.15,low,2
792,BHMBCCMKT01,577,29,19-11-2016,07:57:12,1,car,28.5,77.15,low,2
793,BHMBCCMKT01,577,34,19-11-2016,08:31:12,1,bike,28.5,77.15,low,2
794,BHMBCCMKT01,577,51,19-11-2016,08:57:12,1,bike,28.5,77.15,low,2
795,BHMBCCMKT01,577,102,19-11-2016,09:31:13,1,car,28.5,77.15,low,4
796,BHMBCCMKT01,577,152,19-11-2016,10:04:14,1,car,28.5,77.15,average,6
797,BHMBCCMKT01,577,196,19-11-2016,10:31:15,1,bike,28.5,77.15,average,7
798,BHMBCCMKT01,577,235,19-11-2016,10:58:15,1,bike,28.5,77.15,high,10
799,BHMBCCMKT01,577,269,19-11-2016,11:31:15,1,truck,28.5,77.15,average,9
800,BHMBCCMKT01,577,293,19-11-2016,12:04:16,1,cycle,28.5,77.15,high,15
801,BHMBCCMKT01,577,340,19-11-2016,12:31:16,1,truck,28.5,77.15,high,15
802,BHMBCCMKT01,577,400,19-11-2016,13:04:16,1,car,28.5,77.15,high,14
803,BHMBCCMKT01,577,429,19-11-2016,13:31:17,1,car,28.5,77.15,high,14
804,BHMBCCMKT01,577,492,19-11-2016,14:04:17,1,bike,28.5,77.15,average,8
805,BHMBCCMKT01,577,473,19-11-2016,14:31:17,1,cycle,28.5,77.15,average,8
806,BHMBCCMKT01,577,482,19-11-2016,15:04:16,1,car,28.5,77.15,average,6
807,BHMBCCMKT01,577,489,19-11-2016,15:31:17,1,car,28.5,77.15,low,5
808,BHMBCCMKT01,577,452,19-11-2016,16:04:17,1,car,28.5,77.15,low,5
809,BHMBCCMKT01,577,431,19-11-2016,16:31:15,1,bike,28.5,77.15,low,4
810,BHMBCCMKT01,577,20,20-11-2016,08:01:19,1,car,28.5,77.15,low,2
811,BHMBCCMKT01,577,22,20-11-2016,08:27:22,1,car,28.5,77.15,low,2
812,BHMBCCMKT01,577,21,20-11-2016,09:01:19,1,car,28.5,77.15,low,3
813,BHMBCCMKT01,577,24,20-11-2016,09:27:19,1,car,28.5,77.15,average,3
814,BHMBCCMKT01,577,28,20-11-2016,10:01:20,1,car,28.5,77.15,low,4
815,BHMBCCMKT01,577,44,20-11-2016,10:27:22,1,car,28.5,77.15,low,3
816,BHMBCCMKT01,577,95,20-11-2016,11:01:22,1,cycle,28.5,77.15,average,8
817,BHMBCCMKT01,577,128,20-11-2016,11:27:22,1,car,28.5,77.15,average,8
818,BHMBCCMKT01,577,163,20-11-2016,12:01:20,1,cycle,28.5,77.15,high,13
819,BHMBCCMKT01,577,194,20-11-2016,12:34:23,1,car,28.5,77.15,high,14
820,BHMBCCMKT01,577,246,20-11-2016,13:07:23,1,car,28.5,77.15,high,13
821,BHMBCCMKT01,577,268,20-11-2016,13:27:23,1,cycle,28.5,77.15,high,14
822,BHMBCCMKT01,577,307,20-11-2016,14:01:22,1,car,28.5,77.15,average,8
823,BHMBCCMKT01,577,309,20-11-2016,14:27:22,1,bike,28.5,77.15,average,7
824,BHMBCCMKT01,577,290,20-11-2016,15:01:23,1,car,28.5,77.15,low,4
825,BHMBCCMKT01,577,276,20-11-2016,15:27:24,1,truck,28.5,77.15,low,5
826,BHMBCCMKT01,577,231,20-11-2016,16:01:22,1,cycle,28.5,77.15,low,4
827,BHMBCCMKT01,577,180,20-11-2016,16:31:21,1,truck,28.5,77.15,low,3
828,BHMBCCMKT01,577,26,21-11-2016,08:04:26,0,car,28.5,77.15,low,1
829,BHMBCCMKT01,577,32,21-11-2016,08:31:30,0,bike,28.5,77.15,low,1
830,BHMBCCMKT01,577,39,21-11-2016,09:04:26,0,cycle,28.5,77.15,low,1
831,BHMBCCMKT01,577,54,21-11-2016,09:31:26,0,car,28.5,77.15,low,2
832,BHMBCCMKT01,577,78,21-11-2016,10:04:29,0,car,28.5,77.15,low,3
833,BHMBCCMKT01,577,92,21-11-2016,10:31:26,0,car,28.5,77.15,average,4
834,BHMBCCMKT01,577,99,21-11-2016,11:04:29,0,cycle,28.5,77.15,average,5
835,BHMBCCMKT01,577,115,21-11-2016,11:30:28,0,cycle,28.5,77.15,average,6
836,BHMBCCMKT01,577,122,21-11-2016,11:57:30,0,car,28.5,77.15,average,6
837,BHMBCCMKT01,577,136,21-11-2016,12:31:29,0,bike,28.5,77.15,high,9
838,BHMBCCMKT01,577,146,21-11-2016,12:57:27,0,bike,28.5,77.15,high,10
839,BHMBCCMKT01,577,147,21-11-2016,13:31:30,0,bike,28.5,77.15,high,8
840,BHMBCCMKT01,577,138,21-11-2016,14:04:30,0,car,28.5,77.15,average,4
841,BHMBCCMKT01,577,119,21-11-2016,14:31:30,0,truck,28.5,77.15,average,5
842,BHMBCCMKT01,577,111,21-11-2016,14:57:31,0,car,28.5,77.15,high,6
843,BHMBCCMKT01,577,98,21-11-2016,15:31:28,0,truck,28.5,77.15,low,3
844,BHMBCCMKT01,577,93,21-11-2016,15:57:30,0,car,28.5,77.15,average,3
845,BHMBCCMKT01,577,83,21-11-2016,16:31:30,0,car,28.5,77.15,average,3
846,BHMBCCMKT01,577,24,22-11-2016,07:57:33,0,bike,28.5,77.15,average,2
847,BHMBCCMKT01,577,32,22-11-2016,08:31:33,0,car,28.5,77.15,low,3
848,BHMBCCMKT01,577,45,22-11-2016,09:04:34,0,truck,28.5,77.15,low,2
849,BHMBCCMKT01,577,66,22-11-2016,09:31:35,0,car,28.5,77.15,low,2
850,BHMBCCMKT01,577,116,22-11-2016,10:04:34,0,car,28.5,77.15,low,3
851,BHMBCCMKT01,577,154,22-11-2016,10:31:37,0,car,28.5,77.15,average,4
852,BHMBCCMKT01,577,188,22-11-2016,11:04:34,0,bike,28.5,77.15,average,6
853,BHMBCCMKT01,577,209,22-11-2016,11:31:35,0,car,28.5,77.15,average,7
854,BHMBCCMKT01,577,228,22-11-2016,12:04:36,0,car,28.5,77.15,high,11
855,BHMBCCMKT01,577,232,22-11-2016,12:31:37,0,car,28.5,77.15,high,10
856,BHMBCCMKT01,577,234,22-11-2016,12:57:35,0,car,28.5,77.15,high,10
857,BHMBCCMKT01,577,234,22-11-2016,13:31:38,0,car,28.5,77.15,high,9
858,BHMBCCMKT01,577,227,22-11-2016,13:57:38,0,cycle,28.5,77.15,average,6
859,BHMBCCMKT01,577,205,22-11-2016,14:31:37,0,car,28.5,77.15,average,5
860,BHMBCCMKT01,577,175,22-11-2016,14:57:38,0,bike,28.5,77.15,average,5
861,BHMBCCMKT01,577,160,22-11-2016,15:31:37,0,car,28.5,77.15,low,2
862,BHMBCCMKT01,577,137,22-11-2016,15:57:37,0,car,28.5,77.15,average,4
863,BHMBCCMKT01,577,122,22-11-2016,16:30:38,0,car,28.5,77.15,low,3
864,BHMBCCMKT01,577,28,23-11-2016,08:04:40,0,car,28.5,77.15,low,1
865,BHMBCCMKT01,577,29,23-11-2016,08:30:41,0,car,28.5,77.15,low,1
866,BHMBCCMKT01,577,34,23-11-2016,08:57:42,0,bike,28.5,77.15,low,2
867,BHMBCCMKT01,577,47,23-11-2016,09:31:23,0,car,28.5,77.15,low,2
868,BHMBCCMKT01,577,72,23-11-2016,10:04:40,0,bike,28.5,77.15,low,3
869,BHMBCCMKT01,577,100,23-11-2016,10:31:36,0,car,28.5,77.15,average,5
870,BHMBCCMKT01,577,128,23-11-2016,11:04:42,0,bike,28.5,77.15,average,6
871,BHMBCCMKT01,577,152,23-11-2016,11:31:44,0,bike,28.5,77.15,average,6
872,BHMBCCMKT01,577,166,23-11-2016,11:57:41,0,car,28.5,77.15,average,5
873,BHMBCCMKT01,577,177,23-11-2016,12:31:44,0,cycle,28.5,77.15,average,6
874,BHMBCCMKT01,577,187,23-11-2016,13:04:45,0,car,28.5,77.15,average,6
875,BHMBCCMKT01,577,181,23-11-2016,13:31:41,0,car,28.5,77.15,high,9
876,BHMBCCMKT01,577,177,23-11-2016,13:57:41,0,cycle,28.5,77.15,average,6
877,BHMBCCMKT01,577,150,23-11-2016,14:30:43,0,car,28.5,77.15,average,5
878,BHMBCCMKT01,577,126,23-11-2016,15:04:43,0,cycle,28.5,77.15,low,3
879,BHMBCCMKT01,577,119,23-11-2016,15:31:42,0,bike,28.5,77.15,low,3
880,BHMBCCMKT01,577,102,23-11-2016,16:04:46,0,car,28.5,77.15,average,4
881,BHMBCCMKT01,577,92,23-11-2016,16:30:42,0,cycle,28.5,77.15,low,2
882,BHMBCCMKT01,577,32,24-11-2016,08:00:47,0,car,28.5,77.15,low,1
883,BHMBCCMKT01,577,34,24-11-2016,08:27:47,0,cycle,28.5,77.15,low,2
884,BHMBCCMKT01,577,52,24-11-2016,09:00:48,0,bike,28.5,77.15,average,3
885,BHMBCCMKT01,577,81,24-11-2016,09:34:49,0,car,28.5,77.15,low,3
886,BHMBCCMKT01,577,110,24-11-2016,10:01:47,0,car,28.5,77.15,low,4
887,BHMBCCMKT01,577,131,24-11-2016,10:27:47,0,bike,28.5,77.15,low,3
888,BHMBCCMKT01,577,167,24-11-2016,11:00:49,0,car,28.5,77.15,average,6
889,BHMBCCMKT01,577,187,24-11-2016,11:27:51,0,bike,28.5,77.15,average,7
890,BHMBCCMKT01,577,200,24-11-2016,12:00:50,0,car,28.5,77.15,average,7
891,BHMBCCMKT01,577,211,24-11-2016,12:30:48,0,car,28.5,77.15,high,10
892,BHMBCCMKT01,577,230,24-11-2016,13:04:50,0,car,28.5,77.15,high,9
893,BHMBCCMKT01,577,219,24-11-2016,13:30:51,0,car,28.5,77.15,high,9
894,BHMBCCMKT01,577,214,24-11-2016,13:57:51,0,car,28.5,77.15,average,7
895,BHMBCCMKT01,577,194,24-11-2016,14:30:52,0,truck,28.5,77.15,average,5
896,BHMBCCMKT01,577,176,24-11-2016,14:57:51,0,car,28.5,77.15,average,5
897,BHMBCCMKT01,577,157,24-11-2016,15:31:49,0,truck,28.5,77.15,low,3
898,BHMBCCMKT01,577,147,24-11-2016,15:57:49,0,cycle,28.5,77.15,low,3
899,BHMBCCMKT01,577,134,24-11-2016,16:31:53,0,car,28.5,77.15,low,2
900,BHMBCCMKT01,577,44,25-11-2016,08:00:57,0,car,28.5,77.15,low,2
901,BHMBCCMKT01,577,44,25-11-2016,08:00:57,0,car,28.5,77.15,average,2
902,BHMBCCMKT01,577,60,25-11-2016,09:00:56,0,car,28.5,77.15,low,2
903,BHMBCCMKT01,577,106,25-11-2016,09:27:55,0,car,28.5,77.15,low,3
904,BHMBCCMKT01,577,222,25-11-2016,10:00:56,0,cycle,28.5,77.15,low,4
905,BHMBCCMKT01,577,283,25-11-2016,10:27:56,0,bike,28.5,77.15,low,4
906,BHMBCCMKT01,577,331,25-11-2016,11:00:55,0,car,28.5,77.15,average,6
907,BHMBCCMKT01,577,370,25-11-2016,11:27:55,0,car,28.5,77.15,average,7
908,BHMBCCMKT01,577,380,25-11-2016,12:00:56,0,truck,28.5,77.15,high,11
909,BHMBCCMKT01,577,390,25-11-2016,12:34:55,0,car,28.5,77.15,high,12
910,BHMBCCMKT01,577,386,25-11-2016,13:00:58,0,truck,28.5,77.15,high,10
911,BHMBCCMKT01,577,384,25-11-2016,13:27:56,0,car,28.5,77.15,high,10
912,BHMBCCMKT01,577,357,25-11-2016,14:00:58,0,bike,28.5,77.15,high,8
913,BHMBCCMKT01,577,355,25-11-2016,14:34:59,0,bike,28.5,77.15,average,6
914,BHMBCCMKT01,577,341,25-11-2016,15:00:56,0,car,28.5,77.15,low,3
915,BHMBCCMKT01,577,333,25-11-2016,15:27:59,0,car,28.5,77.15,average,4
916,BHMBCCMKT01,577,264,25-11-2016,16:00:59,0,cycle,28.5,77.15,average,3
917,BHMBCCMKT01,577,248,25-11-2016,16:27:58,0,car,28.5,77.15,low,3
918,BHMBCCMKT01,577,39,26-11-2016,08:01:01,0,truck,28.5,77.15,low,1
919,BHMBCCMKT01,577,41,26-11-2016,08:28:01,0,car,28.5,77.15,low,2
920,BHMBCCMKT01,577,59,26-11-2016,09:01:01,0,car,28.5,77.15,low,3
921,BHMBCCMKT01,577,111,26-11-2016,09:35:02,0,car,28.5,77.15,low,2
922,BHMBCCMKT01,577,160,26-11-2016,10:01:04,0,bike,28.5,77.15,low,4
923,BHMBCCMKT01,577,195,26-11-2016,10:35:03,0,car,28.5,77.15,average,5
924,BHMBCCMKT01,577,247,26-11-2016,11:01:03,0,car,28.5,77.15,average,7
925,BHMBCCMKT01,577,298,26-11-2016,11:28:02,0,cycle,28.5,77.15,average,6
926,BHMBCCMKT01,577,368,26-11-2016,12:01:04,0,car,28.5,77.15,high,11
927,BHMBCCMKT01,577,428,26-11-2016,12:28:02,0,car,28.5,77.15,high,11
928,BHMBCCMKT01,577,489,26-11-2016,13:01:03,0,car,28.5,77.15,high,11
929,BHMBCCMKT01,577,508,26-11-2016,13:28:04,0,car,28.5,77.15,high,10
930,BHMBCCMKT01,577,551,26-11-2016,14:01:02,0,bike,28.5,77.15,high,8
931,BHMBCCMKT01,577,573,26-11-2016,14:41:04,0,car,28.5,77.15,average,7
932,BHMBCCMKT01,577,567,26-11-2016,15:01:02,0,car,28.5,77.15,low,3
933,BHMBCCMKT01,577,551,26-11-2016,15:28:04,0,car,28.5,77.15,low,3
934,BHMBCCMKT01,577,543,26-11-2016,16:01:04,0,bike,28.5,77.15,low,3
935,BHMBCCMKT01,577,501,26-11-2016,16:28:05,0,car,28.5,77.15,average,3
936,BHMBCCMKT01,577,22,27-11-2016,08:02:24,1,car,28.5,77.15,low,1
937,BHMBCCMKT01,577,22,27-11-2016,08:32:19,1,bike,28.5,77.15,low,2
938,BHMBCCMKT01,577,23,27-11-2016,09:02:19,1,bike,28.5,77.15,low,3
939,BHMBCCMKT01,577,24,27-11-2016,09:32:21,1,car,28.5,77.15,low,2
940,BHMBCCMKT01,577,35,27-11-2016,10:01:19,1,car,28.5,77.15,low,3
941,BHMBCCMKT01,577,65,27-11-2016,10:32:24,1,car,28.5,77.15,average,6
942,BHMBCCMKT01,577,98,27-11-2016,11:01:24,1,car,28.5,77.15,average,8
943,BHMBCCMKT01,577,147,27-11-2016,11:31:20,1,car,28.5,77.15,average,8
944,BHMBCCMKT01,577,177,27-11-2016,12:01:25,1,car,28.5,77.15,high,14
945,BHMBCCMKT01,577,223,27-11-2016,12:32:25,1,bike,28.5,77.15,average,9
946,BHMBCCMKT01,577,259,27-11-2016,13:08:25,1,car,28.5,77.15,high,12
947,BHMBCCMKT01,577,291,27-11-2016,13:32:24,1,bike,28.5,77.15,high,13
948,BHMBCCMKT01,577,304,27-11-2016,14:02:23,1,car,28.5,77.15,average,7
949,BHMBCCMKT01,577,300,27-11-2016,14:31:20,1,cycle,28.5,77.15,high,11
950,BHMBCCMKT01,577,292,27-11-2016,15:01:22,1,bike,28.5,77.15,low,4
951,BHMBCCMKT01,577,283,27-11-2016,15:32:23,1,car,28.5,77.15,low,5
952,BHMBCCMKT01,577,240,27-11-2016,16:01:23,1,bike,28.5,77.15,low,3
953,BHMBCCMKT01,577,199,27-11-2016,16:32:24,1,car,28.5,77.15,low,4
954,BHMBCCMKT01,577,20,28-11-2016,08:01:27,0,cycle,28.5,77.15,low,1
955,BHMBCCMKT01,577,28,28-11-2016,08:32:24,0,car,28.5,77.15,low,2
956,BHMBCCMKT01,577,33,28-11-2016,09:02:28,0,car,28.5,77.15,low,2
957,BHMBCCMKT01,577,51,28-11-2016,09:28:24,0,cycle,28.5,77.15,low,2
958,BHMBCCMKT01,577,82,28-11-2016,10:01:29,0,bike,28.5,77.15,low,3
959,BHMBCCMKT01,577,112,28-11-2016,10:32:29,0,car,28.5,77.15,average,5
960,BHMBCCMKT01,577,147,28-11-2016,11:01:30,0,car,28.5,77.15,average,6
961,BHMBCCMKT01,577,187,28-11-2016,11:32:28,0,car,28.5,77.15,average,7
962,BHMBCCMKT01,577,205,28-11-2016,12:01:27,0,car,28.5,77.15,high,10
963,BHMBCCMKT01,577,217,28-11-2016,12:28:29,0,car,28.5,77.15,high,10
964,BHMBCCMKT01,577,224,28-11-2016,13:02:26,0,cycle,28.5,77.15,high,9
965,BHMBCCMKT01,577,224,28-11-2016,13:31:29,0,car,28.5,77.15,high,10
966,BHMBCCMKT01,577,209,28-11-2016,14:02:29,0,truck,28.5,77.15,average,5
967,BHMBCCMKT01,577,199,28-11-2016,14:32:29,0,car,28.5,77.15,average,6
968,BHMBCCMKT01,577,171,28-11-2016,15:02:29,0,car,28.5,77.15,low,3
969,BHMBCCMKT01,577,150,28-11-2016,15:41:28,0,car,28.5,77.15,low,2
970,BHMBCCMKT01,577,131,28-11-2016,16:02:30,0,car,28.5,77.15,low,2
971,BHMBCCMKT01,577,133,28-11-2016,16:28:27,0,car,28.5,77.15,low,2
972,BHMBCCMKT01,577,20,29-11-2016,07:55:29,0,car,28.5,77.15,low,2
973,BHMBCCMKT01,577,24,29-11-2016,08:28:33,0,truck,28.5,77.15,low,1
974,BHMBCCMKT01,577,38,29-11-2016,09:02:35,0,bike,28.5,77.15,low,2
975,BHMBCCMKT01,577,53,29-11-2016,09:28:32,0,cycle,28.5,77.15,low,1
976,BHMBCCMKT01,577,90,29-11-2016,10:01:30,0,car,28.5,77.15,average,4
977,BHMBCCMKT01,577,132,29-11-2016,10:28:34,0,car,28.5,77.15,average,3
978,BHMBCCMKT01,577,165,29-11-2016,11:01:36,0,bike,28.5,77.15,average,5
979,BHMBCCMKT01,577,188,29-11-2016,11:28:34,0,bike,28.5,77.15,average,6
980,BHMBCCMKT01,577,192,29-11-2016,11:55:30,0,cycle,28.5,77.15,average,7
981,BHMBCCMKT01,577,206,29-11-2016,12:28:36,0,bike,28.5,77.15,high,10
982,BHMBCCMKT01,577,208,29-11-2016,13:02:35,0,car,28.5,77.15,high,8
983,BHMBCCMKT01,577,206,29-11-2016,13:28:30,0,car,28.5,77.15,high,9
984,BHMBCCMKT01,577,180,29-11-2016,14:01:32,0,car,28.5,77.15,average,5
985,BHMBCCMKT01,577,169,29-11-2016,14:28:36,0,car,28.5,77.15,average,4
986,BHMBCCMKT01,577,152,29-11-2016,14:55:34,0,cycle,28.5,77.15,average,5
987,BHMBCCMKT01,577,138,29-11-2016,15:28:35,0,bike,28.5,77.15,low,3
988,BHMBCCMKT01,577,128,29-11-2016,16:02:35,0,car,28.5,77.15,low,2
989,BHMBCCMKT01,577,114,29-11-2016,16:28:34,0,truck,28.5,77.15,low,2
990,BHMBCCMKT01,577,17,30-11-2016,08:02:35,0,car,28.5,77.15,low,1
991,BHMBCCMKT01,577,24,30-11-2016,08:28:35,0,cycle,28.5,77.15,low,0
992,BHMBCCMKT01,577,35,30-11-2016,09:01:35,0,car,28.5,77.15,low,2
993,BHMBCCMKT01,577,49,30-11-2016,09:28:40,0,car,28.5,77.15,average,2
994,BHMBCCMKT01,577,81,30-11-2016,10:01:40,0,car,28.5,77.15,low,3
995,BHMBCCMKT01,577,107,30-11-2016,10:28:38,0,car,28.5,77.15,average,4
996,BHMBCCMKT01,577,134,30-11-2016,10:55:36,0,car,28.5,77.15,high,7
997,BHMBCCMKT01,577,159,30-11-2016,11:28:40,0,car,28.5,77.15,average,6
998,BHMBCCMKT01,577,182,30-11-2016,12:01:36,0,cycle,28.5,77.15,high,9
999,BHMBCCMKT01,577,189,30-11-2016,12:28:37,0,bike,28.5,77.15,high,10
1000,BHMBCCMKT01,577,204,30-11-2016,13:01:39,0,bike,28.5,77.15,high,9
1001,BHMBCCMKT01,577,201,30-11-2016,13:28:41,0,car,28.5,77.15,high,9
1002,BHMBCCMKT01,577,196,30-11-2016,14:01:36,0,car,28.5,77.15,average,5
1003,BHMBCCMKT01,577,181,30-11-2016,14:28:40,0,car,28.5,77.15,average,4
1004,BHMBCCMKT01,577,154,30-11-2016,15:01:39,0,cycle,28.5,77.15,low,3
1005,BHMBCCMKT01,577,132,30-11-2016,15:28:40,0,truck,28.5,77.15,low,3
1006,BHMBCCMKT01,577,114,30-11-2016,16:01:39,0,truck,28.5,77.15,low,3
1007,BHMBCCMKT01,577,106,30-11-2016,16:28:40,0,car,28.5,77.15,low,2
1008,BHMBCCMKT01,577,22,01-12-2016,08:05:40,0,truck,28.5,77.15,average,2
1009,BHMBCCMKT01,577,22,01-12-2016,08:25:46,0,car,28.5,77.15,low,1
1010,BHMBCCMKT01,577,31,01-12-2016,08:58:41,0,truck,28.5,77.15,average,3
1011,BHMBCCMKT01,577,47,01-12-2016,09:25:44,0,cycle,28.5,77.15,low,2
1012,BHMBCCMKT01,577,94,01-12-2016,09:58:41,0,car,28.5,77.15,low,3
1013,BHMBCCMKT01,577,127,01-12-2016,10:25:43,0,bike,28.5,77.15,low,3
1014,BHMBCCMKT01,577,153,01-12-2016,10:58:45,0,bike,28.5,77.15,average,5
1015,BHMBCCMKT01,577,174,01-12-2016,11:32:41,0,bike,28.5,77.15,average,6
1016,BHMBCCMKT01,577,196,01-12-2016,11:58:45,0,car,28.5,77.15,average,6
1017,BHMBCCMKT01,577,191,01-12-2016,12:25:45,0,car,28.5,77.15,high,9
1018,BHMBCCMKT01,577,207,01-12-2016,12:58:47,0,car,28.5,77.15,high,10
1019,BHMBCCMKT01,577,203,01-12-2016,13:25:45,0,bike,28.5,77.15,average,6
1020,BHMBCCMKT01,577,190,01-12-2016,13:58:48,0,car,28.5,77.15,average,6
1021,BHMBCCMKT01,577,173,01-12-2016,14:25:46,0,car,28.5,77.15,average,4
1022,BHMBCCMKT01,577,168,01-12-2016,14:58:46,0,car,28.5,77.15,average,5
1023,BHMBCCMKT01,577,153,01-12-2016,15:25:42,0,car,28.5,77.15,low,4
1024,BHMBCCMKT01,577,123,01-12-2016,15:58:47,0,bike,28.5,77.15,average,4
1025,BHMBCCMKT01,577,108,01-12-2016,16:25:44,0,car,28.5,77.15,low,2
1026,BHMBCCMKT01,577,18,02-12-2016,07:55:49,0,truck,28.5,77.15,low,1
1027,BHMBCCMKT01,577,24,02-12-2016,08:28:48,0,bike,28.5,77.15,average,2
1028,BHMBCCMKT01,577,40,02-12-2016,09:01:49,0,car,28.5,77.15,low,2
1029,BHMBCCMKT01,577,58,02-12-2016,09:28:50,0,car,28.5,77.15,low,2
1030,BHMBCCMKT01,577,91,02-12-2016,10:02:52,0,car,28.5,77.15,low,3
1031,BHMBCCMKT01,577,122,02-12-2016,10:28:53,0,cycle,28.5,77.15,low,3
1032,BHMBCCMKT01,577,155,02-12-2016,11:01:53,0,bike,28.5,77.15,average,6
1033,BHMBCCMKT01,577,181,02-12-2016,11:28:49,0,cycle,28.5,77.15,average,6
1034,BHMBCCMKT01,577,197,02-12-2016,12:01:51,0,car,28.5,77.15,high,9
1035,BHMBCCMKT01,577,196,02-12-2016,12:28:52,0,car,28.5,77.15,high,10
1036,BHMBCCMKT01,577,200,02-12-2016,12:58:51,0,bike,28.5,77.15,high,9
1037,BHMBCCMKT01,577,203,02-12-2016,13:25:52,0,truck,28.5,77.15,high,8
1038,BHMBCCMKT01,577,196,02-12-2016,13:58:53,0,car,28.5,77.15,average,6
1039,BHMBCCMKT01,577,186,02-12-2016,14:25:50,0,bike,28.5,77.15,average,5
1040,BHMBCCMKT01,577,175,02-12-2016,14:58:50,0,car,28.5,77.15,average,5
1041,BHMBCCMKT01,577,149,02-12-2016,15:31:52,0,car,28.5,77.15,low,3
1042,BHMBCCMKT01,577,131,02-12-2016,15:58:52,0,cycle,28.5,77.15,low,3
1043,BHMBCCMKT01,577,105,02-12-2016,16:32:54,0,bike,28.5,77.15,low,2
1044,BHMBCCMKT01,577,11,05-12-2016,08:02:03,0,car,28.5,77.15,low,1
1045,BHMBCCMKT01,577,14,05-12-2016,08:29:08,0,car,28.5,77.15,low,2
1046,BHMBCCMKT01,577,26,05-12-2016,09:02:08,0,car,28.5,77.15,low,2
1047,BHMBCCMKT01,577,39,05-12-2016,09:29:08,0,car,28.5,77.15,low,1
1048,BHMBCCMKT01,577,63,05-12-2016,10:03:04,0,cycle,28.5,77.15,low,4
1049,BHMBCCMKT01,577,87,05-12-2016,10:29:08,0,bike,28.5,77.15,low,4
1050,BHMBCCMKT01,577,113,05-12-2016,11:02:06,0,car,28.5,77.15,average,5
1051,BHMBCCMKT01,577,126,05-12-2016,11:29:09,0,bike,28.5,77.15,average,6
1052,BHMBCCMKT01,577,148,05-12-2016,11:56:10,0,cycle,28.5,77.15,average,6
1053,BHMBCCMKT01,577,161,05-12-2016,12:29:10,0,car,28.5,77.15,average,7
1054,BHMBCCMKT01,577,172,05-12-2016,13:02:08,0,truck,28.5,77.15,high,8
1055,BHMBCCMKT01,577,177,05-12-2016,13:29:09,0,car,28.5,77.15,high,8
1056,BHMBCCMKT01,577,170,05-12-2016,14:02:11,0,car,28.5,77.15,average,5
1057,BHMBCCMKT01,577,165,05-12-2016,14:29:08,0,bike,28.5,77.15,average,5
1058,BHMBCCMKT01,577,149,05-12-2016,15:02:10,0,truck,28.5,77.15,low,3
1059,BHMBCCMKT01,577,142,05-12-2016,15:29:11,0,bike,28.5,77.15,low,3
1060,BHMBCCMKT01,577,106,05-12-2016,16:02:11,0,truck,28.5,77.15,low,2
1061,BHMBCCMKT01,577,95,05-12-2016,16:29:05,0,truck,28.5,77.15,low,1
1062,BHMBCCMKT01,577,11,06-12-2016,07:56:10,0,car,28.5,77.15,low,1
1063,BHMBCCMKT01,577,11,06-12-2016,08:29:11,0,truck,28.5,77.15,low,0
1064,BHMBCCMKT01,577,22,06-12-2016,08:56:10,0,car,28.5,77.15,low,1
1065,BHMBCCMKT01,577,39,06-12-2016,09:29:14,0,bike,28.5,77.15,low,1
1066,BHMBCCMKT01,577,83,06-12-2016,10:02:12,0,car,28.5,77.15,average,3
1067,BHMBCCMKT01,577,120,06-12-2016,10:29:11,0,car,28.5,77.15,low,4
1068,BHMBCCMKT01,577,194,06-12-2016,11:02:16,0,cycle,28.5,77.15,high,9
1069,BHMBCCMKT01,577,220,06-12-2016,11:29:14,0,car,28.5,77.15,average,6
1070,BHMBCCMKT01,577,226,06-12-2016,11:56:16,0,truck,28.5,77.15,average,6
1071,BHMBCCMKT01,577,240,06-12-2016,12:29:11,0,bike,28.5,77.15,high,10
1072,BHMBCCMKT01,577,238,06-12-2016,12:56:16,0,car,28.5,77.15,high,10
1073,BHMBCCMKT01,577,229,06-12-2016,13:29:16,0,truck,28.5,77.15,high,8
1074,BHMBCCMKT01,577,208,06-12-2016,14:02:16,0,truck,28.5,77.15,average,5
1075,BHMBCCMKT01,577,199,06-12-2016,14:29:14,0,truck,28.5,77.15,average,5
1076,BHMBCCMKT01,577,178,06-12-2016,15:02:17,0,car,28.5,77.15,average,3
1077,BHMBCCMKT01,577,150,06-12-2016,15:29:17,0,truck,28.5,77.15,low,3
1078,BHMBCCMKT01,577,128,06-12-2016,16:02:16,0,car,28.5,77.15,low,3
1079,BHMBCCMKT01,577,111,06-12-2016,16:29:16,0,bike,28.5,77.15,low,2
1080,BHMBCCMKT01,577,11,07-12-2016,07:59:16,0,car,28.5,77.15,low,1
1081,BHMBCCMKT01,577,15,07-12-2016,08:26:20,0,car,28.5,77.15,low,1
1082,BHMBCCMKT01,577,20,07-12-2016,08:55:20,0,bike,28.5,77.15,low,1
1083,BHMBCCMKT01,577,34,07-12-2016,09:26:22,0,car,28.5,77.15,average,3
1084,BHMBCCMKT01,577,68,07-12-2016,09:59:20,0,car,28.5,77.15,low,2
1085,BHMBCCMKT01,577,97,07-12-2016,10:26:21,0,bike,28.5,77.15,low,4
1086,BHMBCCMKT01,577,136,07-12-2016,10:59:20,0,car,28.5,77.15,average,5
1087,BHMBCCMKT01,577,150,07-12-2016,11:25:22,0,car,28.5,77.15,high,8
1088,BHMBCCMKT01,577,177,07-12-2016,11:59:20,0,car,28.5,77.15,average,6
1089,BHMBCCMKT01,577,172,07-12-2016,12:26:21,0,cycle,28.5,77.15,high,9
1090,BHMBCCMKT01,577,178,07-12-2016,12:59:22,0,cycle,28.5,77.15,high,9
1091,BHMBCCMKT01,577,183,07-12-2016,13:26:23,0,car,28.5,77.15,high,9
1092,BHMBCCMKT01,577,174,07-12-2016,13:59:22,0,truck,28.5,77.15,average,6
1093,BHMBCCMKT01,577,157,07-12-2016,14:26:23,0,bike,28.5,77.15,average,5
1094,BHMBCCMKT01,577,137,07-12-2016,14:59:22,0,car,28.5,77.15,average,5
1095,BHMBCCMKT01,577,125,07-12-2016,15:32:22,0,bike,28.5,77.15,low,3
1096,BHMBCCMKT01,577,115,07-12-2016,15:59:23,0,car,28.5,77.15,low,3
1097,BHMBCCMKT01,577,103,07-12-2016,16:32:23,0,car,28.5,77.15,low,1
1098,BHMBCCMKT01,577,14,08-12-2016,07:59:25,0,car,28.5,77.15,low,1
1099,BHMBCCMKT01,577,17,08-12-2016,08:26:27,0,cycle,28.5,77.15,low,1
1100,BHMBCCMKT01,577,26,08-12-2016,08:59:24,0,car,28.5,77.15,low,2
1101,BHMBCCMKT01,577,44,08-12-2016,09:26:27,0,cycle,28.5,77.15,low,1
1102,BHMBCCMKT01,577,82,08-12-2016,09:59:28,0,car,28.5,77.15,low,3
1103,BHMBCCMKT01,577,124,08-12-2016,10:32:22,0,car,28.5,77.15,average,4
1104,BHMBCCMKT01,577,159,08-12-2016,10:59:25,0,bike,28.5,77.15,high,7
1105,BHMBCCMKT01,577,186,08-12-2016,11:32:28,0,bike,28.5,77.15,average,6
1106,BHMBCCMKT01,577,209,08-12-2016,11:59:28,0,car,28.5,77.15,average,7
1107,BHMBCCMKT01,577,219,08-12-2016,12:25:24,0,truck,28.5,77.15,high,9
1108,BHMBCCMKT01,577,223,08-12-2016,12:59:24,0,truck,28.5,77.15,high,10
1109,BHMBCCMKT01,577,216,08-12-2016,13:25:28,0,cycle,28.5,77.15,high,10
1110,BHMBCCMKT01,577,215,08-12-2016,13:59:28,0,car,28.5,77.15,average,6
1111,BHMBCCMKT01,577,196,08-12-2016,14:26:29,0,car,28.5,77.15,average,5
1112,BHMBCCMKT01,577,169,08-12-2016,14:59:29,0,car,28.5,77.15,average,5
1113,BHMBCCMKT01,577,148,08-12-2016,15:26:23,0,car,28.5,77.15,low,3
1114,BHMBCCMKT01,577,138,08-12-2016,15:59:27,0,truck,28.5,77.15,low,3
1115,BHMBCCMKT01,577,105,08-12-2016,16:32:27,0,truck,28.5,77.15,low,2
1116,BHMBCCMKT01,577,12,09-12-2016,08:02:30,0,car,28.5,77.15,low,2
1117,BHMBCCMKT01,577,19,09-12-2016,08:29:28,0,car,28.5,77.15,average,2
1118,BHMBCCMKT01,577,27,09-12-2016,08:55:33,0,car,28.5,77.15,average,2
1119,BHMBCCMKT01,577,58,09-12-2016,09:29:31,0,bike,28.5,77.15,low,3
1120,BHMBCCMKT01,577,89,09-12-2016,09:55:30,0,car,28.5,77.15,low,3
1121,BHMBCCMKT01,577,133,09-12-2016,10:29:29,0,car,28.5,77.15,low,4
1122,BHMBCCMKT01,577,161,09-12-2016,10:56:33,0,car,28.5,77.15,average,5
1123,BHMBCCMKT01,577,190,09-12-2016,11:29:33,0,bike,28.5,77.15,average,6
1124,BHMBCCMKT01,577,205,09-12-2016,11:56:32,0,bike,28.5,77.15,average,7
1125,BHMBCCMKT01,577,203,09-12-2016,12:29:31,0,truck,28.5,77.15,high,9
1126,BHMBCCMKT01,577,210,09-12-2016,13:02:32,0,bike,28.5,77.15,high,9
1127,BHMBCCMKT01,577,209,09-12-2016,13:29:31,0,car,28.5,77.15,high,9
1128,BHMBCCMKT01,577,217,09-12-2016,14:02:34,0,bike,28.5,77.15,average,5
1129,BHMBCCMKT01,577,217,09-12-2016,14:29:33,0,cycle,28.5,77.15,average,5
1130,BHMBCCMKT01,577,200,09-12-2016,14:56:31,0,cycle,28.5,77.15,average,5
1131,BHMBCCMKT01,577,162,09-12-2016,15:29:34,0,bike,28.5,77.15,average,4
1132,BHMBCCMKT01,577,157,09-12-2016,16:02:32,0,car,28.5,77.15,low,3
1133,BHMBCCMKT01,577,136,09-12-2016,16:29:30,0,bike,28.5,77.15,low,2
1134,BHMBCCMKT01,577,7,10-12-2016,07:59:34,0,truck,28.5,77.15,average,1
1135,BHMBCCMKT01,577,14,10-12-2016,08:29:33,0,car,28.5,77.15,average,2
1136,BHMBCCMKT01,577,45,10-12-2016,09:02:35,0,car,28.5,77.15,low,3
1137,BHMBCCMKT01,577,84,10-12-2016,09:29:38,0,car,28.5,77.15,low,2
1138,BHMBCCMKT01,577,124,10-12-2016,09:55:38,0,car,28.5,77.15,low,3
1139,BHMBCCMKT01,577,165,10-12-2016,10:29:38,0,car,28.5,77.15,low,4
1140,BHMBCCMKT01,577,201,10-12-2016,11:02:39,0,bike,28.5,77.15,average,6
1141,BHMBCCMKT01,577,244,10-12-2016,11:29:39,0,car,28.5,77.15,average,7
1142,BHMBCCMKT01,577,294,10-12-2016,12:02:38,0,car,28.5,77.15,high,10
1143,BHMBCCMKT01,577,344,10-12-2016,12:29:40,0,truck,28.5,77.15,high,11
1144,BHMBCCMKT01,577,383,10-12-2016,12:55:40,0,car,28.5,77.15,high,11
1145,BHMBCCMKT01,577,408,10-12-2016,13:29:39,0,car,28.5,77.15,high,10
1146,BHMBCCMKT01,577,455,10-12-2016,13:56:35,0,car,28.5,77.15,average,7
1147,BHMBCCMKT01,577,467,10-12-2016,14:25:37,0,car,28.5,77.15,average,5
1148,BHMBCCMKT01,577,476,10-12-2016,15:02:39,0,car,28.5,77.15,low,4
1149,BHMBCCMKT01,577,458,10-12-2016,15:25:39,0,bike,28.5,77.15,low,3
1150,BHMBCCMKT01,577,453,10-12-2016,15:59:39,0,car,28.5,77.15,low,3
1151,BHMBCCMKT01,577,420,10-12-2016,16:25:40,0,bike,28.5,77.15,average,3
1152,BHMBCCMKT01,577,3,11-12-2016,08:02:39,1,car,28.5,77.15,low,0
1153,BHMBCCMKT01,577,2,11-12-2016,08:25:43,1,car,28.5,77.15,low,0
1154,BHMBCCMKT01,577,3,11-12-2016,08:59:45,1,bike,28.5,77.15,low,2
1155,BHMBCCMKT01,577,5,11-12-2016,09:26:44,1,cycle,28.5,77.15,low,2
1156,BHMBCCMKT01,577,11,11-12-2016,09:59:44,1,cycle,28.5,77.15,low,2
1157,BHMBCCMKT01,577,35,11-12-2016,10:25:42,1,truck,28.5,77.15,low,5
1158,BHMBCCMKT01,577,82,11-12-2016,10:59:45,1,car,28.5,77.15,average,6
1159,BHMBCCMKT01,577,117,11-12-2016,11:26:10,1,car,28.5,77.15,average,8
1160,BHMBCCMKT01,577,162,11-12-2016,11:59:45,1,car,28.5,77.15,average,7
1161,BHMBCCMKT01,577,204,11-12-2016,12:32:41,1,car,28.5,77.15,high,15
1162,BHMBCCMKT01,577,257,11-12-2016,13:05:46,1,car,28.5,77.15,high,12
1163,BHMBCCMKT01,577,288,11-12-2016,13:26:45,1,car,28.5,77.15,average,9
1164,BHMBCCMKT01,577,314,11-12-2016,13:59:44,1,car,28.5,77.15,average,10
1165,BHMBCCMKT01,577,324,11-12-2016,14:32:44,1,car,28.5,77.15,average,9
1166,BHMBCCMKT01,577,325,11-12-2016,14:59:43,1,bike,28.5,77.15,average,8
1167,BHMBCCMKT01,577,324,11-12-2016,15:25:45,1,car,28.5,77.15,low,5
1168,BHMBCCMKT01,577,285,11-12-2016,15:59:46,1,car,28.5,77.15,low,5
1169,BHMBCCMKT01,577,255,11-12-2016,16:25:46,1,bike,28.5,77.15,low,4
1170,BHMBCCMKT01,577,7,12-12-2016,08:02:45,0,car,28.5,77.15,low,1
1171,BHMBCCMKT01,577,11,12-12-2016,08:29:50,0,cycle,28.5,77.15,low,1
1172,BHMBCCMKT01,577,23,12-12-2016,09:02:45,0,bike,28.5,77.15,low,2
1173,BHMBCCMKT01,577,40,12-12-2016,09:29:48,0,car,28.5,77.15,low,2
1174,BHMBCCMKT01,577,75,12-12-2016,10:02:49,0,cycle,28.5,77.15,low,3
1175,BHMBCCMKT01,577,99,12-12-2016,10:29:50,0,car,28.5,77.15,low,3
1176,BHMBCCMKT01,577,142,12-12-2016,11:02:50,0,car,28.5,77.15,average,5
1177,BHMBCCMKT01,577,157,12-12-2016,11:29:51,0,cycle,28.5,77.15,average,6
1178,BHMBCCMKT01,577,157,12-12-2016,11:55:49,0,truck,28.5,77.15,average,6
1179,BHMBCCMKT01,577,167,12-12-2016,12:29:50,0,bike,28.5,77.15,high,9
1180,BHMBCCMKT01,577,181,12-12-2016,12:56:46,0,car,28.5,77.15,high,10
1181,BHMBCCMKT01,577,189,12-12-2016,13:29:50,0,car,28.5,77.15,high,9
1182,BHMBCCMKT01,577,184,12-12-2016,14:02:50,0,bike,28.5,77.15,high,7
1183,BHMBCCMKT01,577,165,12-12-2016,14:29:49,0,cycle,28.5,77.15,average,4
1184,BHMBCCMKT01,577,159,12-12-2016,14:55:51,0,car,28.5,77.15,average,4
1185,BHMBCCMKT01,577,131,12-12-2016,15:29:47,0,truck,28.5,77.15,low,3
1186,BHMBCCMKT01,577,115,12-12-2016,15:56:51,0,bike,28.5,77.15,low,2
1187,BHMBCCMKT01,577,95,12-12-2016,16:29:51,0,car,28.5,77.15,low,2
1188,BHMBCCMKT01,577,14,13-12-2016,08:02:51,0,car,28.5,77.15,low,1
1189,BHMBCCMKT01,577,20,13-12-2016,08:29:53,0,car,28.5,77.15,low,1
1190,BHMBCCMKT01,577,33,13-12-2016,09:02:55,0,car,28.5,77.15,low,2
1191,BHMBCCMKT01,577,59,13-12-2016,09:29:54,0,car,28.5,77.15,low,2
1192,BHMBCCMKT01,577,91,13-12-2016,09:55:56,0,car,28.5,77.15,low,2
1193,BHMBCCMKT01,577,132,13-12-2016,10:29:54,0,car,28.5,77.15,average,5
1194,BHMBCCMKT01,577,175,13-12-2016,11:02:54,0,car,28.5,77.15,average,5
1195,BHMBCCMKT01,577,185,13-12-2016,11:29:55,0,bike,28.5,77.15,average,6
1196,BHMBCCMKT01,577,209,13-12-2016,12:02:55,0,car,28.5,77.15,high,10
1197,BHMBCCMKT01,577,216,13-12-2016,12:29:55,0,truck,28.5,77.15,high,10
1198,BHMBCCMKT01,577,227,13-12-2016,13:02:55,0,car,28.5,77.15,high,9
1199,BHMBCCMKT01,577,210,13-12-2016,13:55:56,0,truck,28.5,77.15,average,7
1200,BHMBCCMKT01,577,181,13-12-2016,14:29:57,0,car,28.5,77.15,average,5
1201,BHMBCCMKT01,577,159,13-12-2016,14:56:52,0,car,28.5,77.15,average,4
1202,BHMBCCMKT01,577,129,13-12-2016,15:28:52,0,car,28.5,77.15,low,3
1203,BHMBCCMKT01,577,103,13-12-2016,16:02:56,0,car,28.5,77.15,low,2
1204,BHMBCCMKT01,577,88,13-12-2016,16:29:56,0,cycle,28.5,77.15,low,2
1205,BHMBCCMKT01,577,14,14-12-2016,08:03:01,0,car,28.5,77.15,average,1
1206,BHMBCCMKT01,577,18,14-12-2016,08:43:00,0,car,28.5,77.15,low,1
1207,BHMBCCMKT01,577,22,14-12-2016,09:03:01,0,bike,28.5,77.15,low,1
1208,BHMBCCMKT01,577,42,14-12-2016,09:29:57,0,car,28.5,77.15,low,1
1209,BHMBCCMKT01,577,80,14-12-2016,10:02:59,0,car,28.5,77.15,average,5
1210,BHMBCCMKT01,577,103,14-12-2016,10:30:01,0,truck,28.5,77.15,average,4
1211,BHMBCCMKT01,577,149,14-12-2016,11:30:01,0,cycle,28.5,77.15,average,6
1212,BHMBCCMKT01,577,170,14-12-2016,12:02:58,0,bike,28.5,77.15,high,9
1213,BHMBCCMKT01,577,177,14-12-2016,12:30:00,0,car,28.5,77.15,high,10
1214,BHMBCCMKT01,577,200,14-12-2016,13:03:02,0,bike,28.5,77.15,high,9
1215,BHMBCCMKT01,577,206,14-12-2016,13:29:57,0,car,28.5,77.15,high,9
1216,BHMBCCMKT01,577,198,14-12-2016,14:03:00,0,car,28.5,77.15,high,7
1217,BHMBCCMKT01,577,173,14-12-2016,14:30:01,0,bike,28.5,77.15,average,5
1218,BHMBCCMKT01,577,161,14-12-2016,14:56:03,0,car,28.5,77.15,average,4
1219,BHMBCCMKT01,577,142,14-12-2016,15:30:00,0,car,28.5,77.15,low,4
1220,BHMBCCMKT01,577,145,14-12-2016,15:56:02,0,car,28.5,77.15,low,2
1221,BHMBCCMKT01,577,134,14-12-2016,16:30:00,0,truck,28.5,77.15,average,3
1222,BHMBCCMKT01,577,14,15-12-2016,07:57:02,0,car,28.5,77.15,low,1
1223,BHMBCCMKT01,577,19,15-12-2016,08:30:06,0,car,28.5,77.15,low,1
1224,BHMBCCMKT01,577,31,15-12-2016,09:03:06,0,car,28.5,77.15,low,2
1225,BHMBCCMKT01,577,63,15-12-2016,09:30:04,0,car,28.5,77.15,low,2
1226,BHMBCCMKT01,577,100,15-12-2016,09:57:02,0,truck,28.5,77.15,low,3
1227,BHMBCCMKT01,577,137,15-12-2016,10:30:07,0,car,28.5,77.15,average,4
1228,BHMBCCMKT01,577,169,15-12-2016,11:03:05,0,car,28.5,77.15,average,6
1229,BHMBCCMKT01,577,185,15-12-2016,11:26:03,0,car,28.5,77.15,high,10
1230,BHMBCCMKT01,577,215,15-12-2016,12:00:02,0,bike,28.5,77.15,high,10
1231,BHMBCCMKT01,577,228,15-12-2016,12:26:03,0,car,28.5,77.15,average,6
1232,BHMBCCMKT01,577,219,15-12-2016,13:00:07,0,bike,28.5,77.15,high,9
1233,BHMBCCMKT01,577,207,15-12-2016,13:26:08,0,car,28.5,77.15,high,10
1234,BHMBCCMKT01,577,203,15-12-2016,14:00:06,0,car,28.5,77.15,average,5
1235,BHMBCCMKT01,577,183,15-12-2016,14:26:06,0,truck,28.5,77.15,average,6
1236,BHMBCCMKT01,577,164,15-12-2016,15:00:07,0,car,28.5,77.15,low,4
1237,BHMBCCMKT01,577,148,15-12-2016,15:26:03,0,car,28.5,77.15,low,2
1238,BHMBCCMKT01,577,140,15-12-2016,16:03:03,0,car,28.5,77.15,low,2
1239,BHMBCCMKT01,577,130,15-12-2016,16:30:07,0,car,28.5,77.15,low,3
1240,BHMBCCMKT01,577,11,16-12-2016,07:59:09,0,truck,28.5,77.15,low,1
1241,BHMBCCMKT01,577,19,16-12-2016,08:30:12,0,car,28.5,77.15,low,1
1242,BHMBCCMKT01,577,35,16-12-2016,09:03:07,0,car,28.5,77.15,low,2
1243,BHMBCCMKT01,577,68,16-12-2016,09:30:12,0,bike,28.5,77.15,low,2
1244,BHMBCCMKT01,577,104,16-12-2016,10:03:09,0,car,28.5,77.15,low,3
1245,BHMBCCMKT01,577,130,16-12-2016,10:29:08,0,car,28.5,77.15,low,3
1246,BHMBCCMKT01,577,153,16-12-2016,11:03:08,0,car,28.5,77.15,high,8
1247,BHMBCCMKT01,577,166,16-12-2016,11:30:10,0,cycle,28.5,77.15,average,6
1248,BHMBCCMKT01,577,176,16-12-2016,11:56:10,0,car,28.5,77.15,average,6
1249,BHMBCCMKT01,577,179,16-12-2016,12:30:11,0,cycle,28.5,77.15,high,9
1250,BHMBCCMKT01,577,172,16-12-2016,12:56:12,0,car,28.5,77.15,high,10
1251,BHMBCCMKT01,577,185,16-12-2016,13:30:12,0,truck,28.5,77.15,high,9
1252,BHMBCCMKT01,577,182,16-12-2016,13:56:11,0,car,28.5,77.15,average,5
1253,BHMBCCMKT01,577,190,16-12-2016,14:30:10,0,bike,28.5,77.15,high,7
1254,BHMBCCMKT01,577,187,16-12-2016,14:56:11,0,car,28.5,77.15,average,5
1255,BHMBCCMKT01,577,193,16-12-2016,15:30:10,0,car,28.5,77.15,low,2
1256,BHMBCCMKT01,577,168,16-12-2016,16:03:11,0,car,28.5,77.15,low,3
1257,BHMBCCMKT01,577,137,16-12-2016,16:30:12,0,truck,28.5,77.15,low,2
1258,BHMBCCMKT01,577,17,17-12-2016,07:59:15,0,cycle,28.5,77.15,low,1
1259,BHMBCCMKT01,577,26,17-12-2016,08:26:15,0,car,28.5,77.15,low,1
1260,BHMBCCMKT01,577,51,17-12-2016,09:00:13,0,car,28.5,77.15,low,2
1261,BHMBCCMKT01,577,82,17-12-2016,09:26:17,0,car,28.5,77.15,average,3
1262,BHMBCCMKT01,577,129,17-12-2016,09:59:17,0,bike,28.5,77.15,low,3
1263,BHMBCCMKT01,577,171,17-12-2016,10:33:17,0,car,28.5,77.15,average,4
1264,BHMBCCMKT01,577,215,17-12-2016,11:00:17,0,car,28.5,77.15,average,6
1265,BHMBCCMKT01,577,263,17-12-2016,11:33:16,0,car,28.5,77.15,average,6
1266,BHMBCCMKT01,577,304,17-12-2016,12:00:17,0,bike,28.5,77.15,high,10
1267,BHMBCCMKT01,577,337,17-12-2016,12:26:17,0,car,28.5,77.15,high,10
1268,BHMBCCMKT01,577,353,17-12-2016,13:00:18,0,bike,28.5,77.15,high,9
1269,BHMBCCMKT01,577,378,17-12-2016,13:27:17,0,car,28.5,77.15,high,10
1270,BHMBCCMKT01,577,417,17-12-2016,14:00:17,0,bike,28.5,77.15,average,6
1271,BHMBCCMKT01,577,440,17-12-2016,14:30:19,0,car,28.5,77.15,high,8
1272,BHMBCCMKT01,577,443,17-12-2016,15:03:18,0,car,28.5,77.15,low,3
1273,BHMBCCMKT01,577,415,17-12-2016,15:30:19,0,car,28.5,77.15,average,4
1274,BHMBCCMKT01,577,379,17-12-2016,15:57:15,0,bike,28.5,77.15,average,5
1275,BHMBCCMKT01,577,356,17-12-2016,16:30:16,0,car,28.5,77.15,low,3
1276,BHMBCCMKT01,577,4,18-12-2016,08:03:24,1,car,28.5,77.15,low,2
1277,BHMBCCMKT01,577,4,18-12-2016,08:30:20,1,car,28.5,77.15,low,1
1278,BHMBCCMKT01,577,6,18-12-2016,08:56:20,1,truck,28.5,77.15,low,1
1279,BHMBCCMKT01,577,8,18-12-2016,09:30:21,1,cycle,28.5,77.15,low,1
1280,BHMBCCMKT01,577,18,18-12-2016,09:56:24,1,car,28.5,77.15,low,2
1281,BHMBCCMKT01,577,44,18-12-2016,10:30:23,1,cycle,28.5,77.15,high,7
1282,BHMBCCMKT01,577,89,18-12-2016,11:03:25,1,car,28.5,77.15,average,8
1283,BHMBCCMKT01,577,135,18-12-2016,11:30:22,1,bike,28.5,77.15,average,9
1284,BHMBCCMKT01,577,165,18-12-2016,12:03:23,1,car,28.5,77.15,high,13
1285,BHMBCCMKT01,577,193,18-12-2016,12:30:25,1,car,28.5,77.15,average,9
1286,BHMBCCMKT01,577,215,18-12-2016,12:56:26,1,car,28.5,77.15,high,13
1287,BHMBCCMKT01,577,258,18-12-2016,13:30:26,1,car,28.5,77.15,average,9
1288,BHMBCCMKT01,577,309,18-12-2016,14:03:26,1,car,28.5,77.15,average,7
1289,BHMBCCMKT01,577,310,18-12-2016,14:30:27,1,car,28.5,77.15,average,6
1290,BHMBCCMKT01,577,303,18-12-2016,14:56:25,1,cycle,28.5,77.15,average,8
1291,BHMBCCMKT01,577,293,18-12-2016,15:30:24,1,car,28.5,77.15,low,6
1292,BHMBCCMKT01,577,247,18-12-2016,16:03:27,1,bike,28.5,77.15,low,4
1293,BHMBCCMKT01,577,206,18-12-2016,16:30:25,1,car,28.5,77.15,low,4
1294,BHMBCCMKT01,577,11,19-12-2016,08:03:29,0,car,28.5,77.15,low,1
1295,BHMBCCMKT01,577,17,19-12-2016,08:30:28,0,car,28.5,77.15,low,1
1296,BHMBCCMKT01,577,24,19-12-2016,09:03:33,0,cycle,28.5,77.15,low,2
1297,BHMBCCMKT01,577,40,19-12-2016,09:30:30,0,car,28.5,77.15,average,2
1298,BHMBCCMKT01,577,57,19-12-2016,09:56:32,0,truck,28.5,77.15,low,2
1299,BHMBCCMKT01,577,97,19-12-2016,10:30:33,0,car,28.5,77.15,average,4
1300,BHMBCCMKT01,577,134,19-12-2016,11:03:31,0,car,28.5,77.15,average,5
1301,BHMBCCMKT01,577,175,19-12-2016,11:30:30,0,car,28.5,77.15,average,7
1302,BHMBCCMKT01,577,216,19-12-2016,12:03:32,0,bike,28.5,77.15,high,10
1303,BHMBCCMKT01,577,249,19-12-2016,12:30:32,0,car,28.5,77.15,high,10
1304,BHMBCCMKT01,577,277,19-12-2016,13:03:30,0,car,28.5,77.15,high,10
1305,BHMBCCMKT01,577,291,19-12-2016,13:30:35,0,bike,28.5,77.15,high,9
1306,BHMBCCMKT01,577,305,19-12-2016,14:03:31,0,bike,28.5,77.15,average,5
1307,BHMBCCMKT01,577,309,19-12-2016,14:30:33,0,bike,28.5,77.15,average,5
1308,BHMBCCMKT01,577,300,19-12-2016,15:03:34,0,car,28.5,77.15,low,4
1309,BHMBCCMKT01,577,274,19-12-2016,15:29:33,0,truck,28.5,77.15,low,3
1310,BHMBCCMKT01,577,230,19-12-2016,16:03:35,0,cycle,28.5,77.15,low,2
1311,BHMBCCMKT01,577,193,19-12-2016,16:30:35,0,car,28.5,77.15,low,3
